#usda 1.0
(
    defaultPrim = "LidarMount"
    metersPerUnit = 1
    upAxis = "Z"
)

def Xform "LidarMount"
{
    def "Materials"
    {
        def Material "metal"
        {
            token outputs:surface.connect = </LidarMount/Materials/metal/Preview.outputs:surface>

            def Shader "Preview"
            {
                uniform token info:id = "UsdPreviewSurface"
                color3f inputs:diffuseColor = (0.38, 0.42, 0.46)
                float inputs:metallic = 0.7
                float inputs:roughness = 0.46
                token outputs:surface
            }
        }

        def Material "white"
        {
            token outputs:surface.connect = </LidarMount/Materials/white/Preview.outputs:surface>

            def Shader "Preview"
            {
                uniform token info:id = "UsdPreviewSurface"
                color3f inputs:diffuseColor = (0.78, 0.79, 0.75)
                float inputs:metallic = 0
                float inputs:roughness = 0.46
                token outputs:surface
            }
        }

        def Material "window"
        {
            token outputs:surface.connect = </LidarMount/Materials/window/Preview.outputs:surface>

            def Shader "Preview"
            {
                uniform token info:id = "UsdPreviewSurface"
                color3f inputs:diffuseColor = (0.012, 0.025, 0.032)
                float inputs:metallic = 0
                float inputs:roughness = 0.25
                token outputs:surface
            }
        }

        def Material "bolt"
        {
            token outputs:surface.connect = </LidarMount/Materials/bolt/Preview.outputs:surface>

            def Shader "Preview"
            {
                uniform token info:id = "UsdPreviewSurface"
                color3f inputs:diffuseColor = (0.2, 0.17, 0.1)
                float inputs:metallic = 0.7
                float inputs:roughness = 0.46
                token outputs:surface
            }
        }
    }

    def Mesh "Deck_plate_001" (
        prepend apiSchemas = ["MaterialBindingAPI", "PhysicsCollisionAPI", "PhysicsMeshCollisionAPI"]
    )
    {
        float3[] extent = [(-0.110000014, -0.099999994, -1.06662), (0.110000014, 0.099999994, -1.05262)]
        int[] faceVertexCounts = [4, 4, 4, 4, 4, 4, 4, 4, 4, 4, 4, 4, 4, 4, 4, 4, 4, 4, 4, 4, 4, 4, 4, 4, 4, 4, 4, 4, 4, 4, 4, 4, 4, 4, 4, 4, 4, 4, 4, 4, 4, 4, 4, 4, 4, 4, 4, 4, 4, 4, 4, 4, 4, 4]
        int[] faceVertexIndices = [30, 36, 7, 1, 44, 50, 37, 29, 49, 21, 8, 35, 2, 9, 23, 15, 16, 22, 51, 43, 0, 3, 4, 6, 1, 5, 4, 3, 2, 6, 4, 5, 7, 10, 11, 13, 8, 12, 11, 10, 9, 13, 11, 12, 14, 17, 18, 20, 15, 19, 18, 17, 16, 20, 18, 19, 21, 24, 25, 27, 22, 26, 25, 24, 23, 27, 25, 26, 28, 31, 32, 34, 29, 33, 32, 31, 30, 34, 32, 33, 35, 38, 39, 41, 36, 40, 39, 38, 37, 41, 39, 40, 42, 45, 46, 48, 43, 47, 46, 45, 44, 48, 46, 47, 49, 52, 53, 55, 50, 54, 53, 52, 51, 55, 53, 54, 14, 0, 6, 17, 17, 6, 2, 15, 1, 7, 13, 5, 5, 13, 9, 2, 8, 21, 27, 12, 12, 27, 23, 9, 22, 16, 19, 26, 26, 19, 15, 23, 42, 14, 20, 45, 45, 20, 16, 43, 21, 49, 55, 24, 24, 55, 51, 22, 50, 44, 47, 54, 54, 47, 43, 51, 28, 42, 48, 31, 31, 48, 44, 29, 49, 35, 41, 52, 52, 41, 37, 50, 36, 30, 33, 40, 40, 33, 29, 37, 0, 28, 34, 3, 3, 34, 30, 1, 35, 8, 10, 38, 38, 10, 7, 36, 14, 42, 28, 0]
        rel material:binding = </LidarMount/Materials/metal>
        uniform token physics:approximation = "convexHull"
        point3f[] points = [(-0.10887998, -0.09887999, -1.06662), (-0.10887998, -0.099999994, -1.0655), (-0.110000014, -0.09887999, -1.0655), (-0.10887998, -0.09967196, -1.0662919), (-0.109526634, -0.099526644, -1.0661466), (-0.10967195, -0.09967196, -1.0655), (-0.10967195, -0.09888001, -1.0662919), (-0.10887998, -0.099999994, -1.05374), (-0.10887998, -0.09887999, -1.05262), (-0.110000014, -0.09887999, -1.05374), (-0.10887998, -0.09967196, -1.0529481), (-0.109526634, -0.099526644, -1.0530934), (-0.10967195, -0.09888001, -1.0529481), (-0.10967195, -0.09967196, -1.05374), (-0.10887998, 0.09887999, -1.06662), (-0.110000014, 0.09887999, -1.0655), (-0.10887998, 0.099999994, -1.0655), (-0.10967195, 0.09887999, -1.0662919), (-0.109526634, 0.099526644, -1.0661466), (-0.10967195, 0.09967196, -1.0655), (-0.10887998, 0.09967196, -1.0662919), (-0.10887998, 0.09887999, -1.05262), (-0.10887998, 0.099999994, -1.05374), (-0.110000014, 0.09887999, -1.05374), (-0.10887998, 0.09967196, -1.0529481), (-0.109526634, 0.099526644, -1.0530934), (-0.10967195, 0.09967196, -1.05374), (-0.10967195, 0.09887999, -1.0529481), (0.10887998, -0.09887999, -1.06662), (0.110000014, -0.09887999, -1.0655), (0.10887998, -0.099999994, -1.0655), (0.10967195, -0.09888001, -1.0662919), (0.109526634, -0.099526644, -1.0661466), (0.10967195, -0.09967196, -1.0655), (0.10887998, -0.09967196, -1.0662919), (0.10887998, -0.09887999, -1.05262), (0.10887998, -0.099999994, -1.05374), (0.110000014, -0.09887999, -1.05374), (0.10887998, -0.09967196, -1.0529481), (0.109526634, -0.099526644, -1.0530934), (0.10967195, -0.09967196, -1.05374), (0.10967195, -0.09888001, -1.0529481), (0.10887998, 0.09887999, -1.06662), (0.10887998, 0.099999994, -1.0655), (0.110000014, 0.09887999, -1.0655), (0.10887998, 0.09967196, -1.0662919), (0.109526634, 0.099526644, -1.0661466), (0.10967195, 0.09967196, -1.0655), (0.10967195, 0.09887999, -1.0662919), (0.10887998, 0.09887999, -1.05262), (0.110000014, 0.09887999, -1.05374), (0.10887998, 0.099999994, -1.05374), (0.10967195, 0.09887999, -1.0529481), (0.109526634, 0.099526644, -1.0530934), (0.10967195, 0.09967196, -1.05374), (0.10887998, 0.09967196, -1.0529481)]
        uniform token subdivisionScheme = "none"
    }

    def Mesh "Mast" (
        prepend apiSchemas = ["MaterialBindingAPI", "PhysicsCollisionAPI", "PhysicsMeshCollisionAPI"]
    )
    {
        float3[] extent = [(-0.022000015, -0.022, -1.0526199), (0.022000015, 0.022000015, -0.08400011)]
        int[] faceVertexCounts = [4, 4, 4, 4, 4, 4, 4, 4, 4, 4, 4, 4, 4, 4, 4, 4, 4, 4, 4, 4, 4, 4, 4, 4, 4, 4, 4, 4, 4, 4, 4, 4, 4, 4, 4, 4, 4, 4, 4, 4, 4, 4, 4, 4, 4, 4, 4, 48, 4, 4, 4, 4, 4, 4, 4, 4, 4, 4, 4, 4, 4, 4, 4, 4, 4, 4, 4, 4, 4, 4, 4, 4, 4, 4, 4, 4, 4, 4, 4, 4, 4, 4, 4, 4, 4, 4, 4, 4, 4, 4, 4, 4, 4, 4, 4, 4, 4, 4, 4, 4, 4, 4, 4, 4, 4, 4, 4, 4, 4, 4, 4, 4, 4, 4, 4, 4, 4, 4, 4, 4, 4, 4, 4, 4, 4, 4, 4, 4, 4, 4, 4, 4, 4, 4, 4, 4, 4, 4, 4, 4, 4, 4, 4, 4, 4, 4, 4, 4, 4, 4, 4, 4, 4, 4, 4, 4, 4, 4, 4, 4, 4, 4, 4, 4, 4, 4, 4, 4, 4, 4, 4, 4, 4, 4, 4, 4, 4, 4, 4, 4, 4, 4, 4, 4, 4, 4, 4, 4, 4, 4, 4, 4, 4, 4, 4, 4, 4, 4, 4, 4, 4, 4, 4, 4, 4, 4, 4, 4, 4, 4, 4, 4, 4, 4, 4, 4, 4, 4, 4, 4, 4, 4, 4, 4, 4, 4, 4, 4, 4, 4, 4, 4, 4, 4, 4, 4, 4, 4, 4, 4, 4, 48]
        int[] faceVertexIndices = [283, 286, 4, 1, 13, 16, 22, 19, 19, 22, 28, 25, 25, 28, 34, 31, 31, 34, 40, 37, 37, 40, 46, 43, 43, 46, 52, 49, 49, 52, 58, 55, 55, 58, 64, 61, 61, 64, 70, 67, 67, 70, 76, 73, 73, 76, 82, 79, 79, 82, 88, 85, 85, 88, 94, 91, 91, 94, 100, 97, 97, 100, 106, 103, 103, 106, 112, 109, 109, 112, 118, 115, 115, 118, 124, 121, 121, 124, 130, 127, 127, 130, 136, 133, 133, 136, 142, 139, 139, 142, 148, 145, 145, 148, 154, 151, 151, 154, 160, 157, 157, 160, 166, 163, 163, 166, 172, 169, 169, 172, 178, 175, 175, 178, 184, 181, 181, 184, 190, 187, 187, 190, 196, 193, 193, 196, 202, 199, 199, 202, 208, 205, 205, 208, 214, 211, 211, 214, 220, 217, 217, 220, 226, 223, 223, 226, 232, 229, 229, 232, 238, 235, 235, 238, 244, 241, 241, 244, 250, 247, 247, 250, 256, 253, 253, 256, 262, 259, 259, 262, 268, 265, 265, 268, 274, 271, 271, 274, 280, 277, 277, 280, 286, 283, 7, 10, 16, 13, 9, 3, 285, 279, 273, 267, 261, 255, 249, 243, 237, 231, 225, 219, 213, 207, 201, 195, 189, 183, 177, 171, 165, 159, 153, 147, 141, 135, 129, 123, 117, 111, 105, 99, 93, 87, 81, 75, 69, 63, 57, 51, 45, 39, 33, 27, 21, 15, 1, 4, 10, 7, 1, 7, 8, 2, 2, 8, 6, 0, 10, 4, 5, 11, 11, 5, 3, 9, 7, 13, 14, 8, 8, 14, 12, 6, 16, 10, 11, 17, 17, 11, 9, 15, 13, 19, 20, 14, 14, 20, 18, 12, 22, 16, 17, 23, 23, 17, 15, 21, 19, 25, 26, 20, 20, 26, 24, 18, 28, 22, 23, 29, 29, 23, 21, 27, 25, 31, 32, 26, 26, 32, 30, 24, 34, 28, 29, 35, 35, 29, 27, 33, 31, 37, 38, 32, 32, 38, 36, 30, 40, 34, 35, 41, 41, 35, 33, 39, 37, 43, 44, 38, 38, 44, 42, 36, 46, 40, 41, 47, 47, 41, 39, 45, 43, 49, 50, 44, 44, 50, 48, 42, 52, 46, 47, 53, 53, 47, 45, 51, 49, 55, 56, 50, 50, 56, 54, 48, 58, 52, 53, 59, 59, 53, 51, 57, 55, 61, 62, 56, 56, 62, 60, 54, 64, 58, 59, 65, 65, 59, 57, 63, 61, 67, 68, 62, 62, 68, 66, 60, 70, 64, 65, 71, 71, 65, 63, 69, 67, 73, 74, 68, 68, 74, 72, 66, 76, 70, 71, 77, 77, 71, 69, 75, 73, 79, 80, 74, 74, 80, 78, 72, 82, 76, 77, 83, 83, 77, 75, 81, 79, 85, 86, 80, 80, 86, 84, 78, 88, 82, 83, 89, 89, 83, 81, 87, 85, 91, 92, 86, 86, 92, 90, 84, 94, 88, 89, 95, 95, 89, 87, 93, 91, 97, 98, 92, 92, 98, 96, 90, 100, 94, 95, 101, 101, 95, 93, 99, 97, 103, 104, 98, 98, 104, 102, 96, 106, 100, 101, 107, 107, 101, 99, 105, 103, 109, 110, 104, 104, 110, 108, 102, 112, 106, 107, 113, 113, 107, 105, 111, 109, 115, 116, 110, 110, 116, 114, 108, 118, 112, 113, 119, 119, 113, 111, 117, 115, 121, 122, 116, 116, 122, 120, 114, 124, 118, 119, 125, 125, 119, 117, 123, 121, 127, 128, 122, 122, 128, 126, 120, 130, 124, 125, 131, 131, 125, 123, 129, 127, 133, 134, 128, 128, 134, 132, 126, 136, 130, 131, 137, 137, 131, 129, 135, 133, 139, 140, 134, 134, 140, 138, 132, 142, 136, 137, 143, 143, 137, 135, 141, 139, 145, 146, 140, 140, 146, 144, 138, 148, 142, 143, 149, 149, 143, 141, 147, 145, 151, 152, 146, 146, 152, 150, 144, 154, 148, 149, 155, 155, 149, 147, 153, 151, 157, 158, 152, 152, 158, 156, 150, 160, 154, 155, 161, 161, 155, 153, 159, 157, 163, 164, 158, 158, 164, 162, 156, 166, 160, 161, 167, 167, 161, 159, 165, 163, 169, 170, 164, 164, 170, 168, 162, 172, 166, 167, 173, 173, 167, 165, 171, 169, 175, 176, 170, 170, 176, 174, 168, 178, 172, 173, 179, 179, 173, 171, 177, 175, 181, 182, 176, 176, 182, 180, 174, 184, 178, 179, 185, 185, 179, 177, 183, 181, 187, 188, 182, 182, 188, 186, 180, 190, 184, 185, 191, 191, 185, 183, 189, 187, 193, 194, 188, 188, 194, 192, 186, 196, 190, 191, 197, 197, 191, 189, 195, 193, 199, 200, 194, 194, 200, 198, 192, 202, 196, 197, 203, 203, 197, 195, 201, 199, 205, 206, 200, 200, 206, 204, 198, 208, 202, 203, 209, 209, 203, 201, 207, 205, 211, 212, 206, 206, 212, 210, 204, 214, 208, 209, 215, 215, 209, 207, 213, 211, 217, 218, 212, 212, 218, 216, 210, 220, 214, 215, 221, 221, 215, 213, 219, 217, 223, 224, 218, 218, 224, 222, 216, 226, 220, 221, 227, 227, 221, 219, 225, 223, 229, 230, 224, 224, 230, 228, 222, 232, 226, 227, 233, 233, 227, 225, 231, 229, 235, 236, 230, 230, 236, 234, 228, 238, 232, 233, 239, 239, 233, 231, 237, 235, 241, 242, 236, 236, 242, 240, 234, 244, 238, 239, 245, 245, 239, 237, 243, 241, 247, 248, 242, 242, 248, 246, 240, 250, 244, 245, 251, 251, 245, 243, 249, 247, 253, 254, 248, 248, 254, 252, 246, 256, 250, 251, 257, 257, 251, 249, 255, 253, 259, 260, 254, 254, 260, 258, 252, 262, 256, 257, 263, 263, 257, 255, 261, 259, 265, 266, 260, 260, 266, 264, 258, 268, 262, 263, 269, 269, 263, 261, 267, 265, 271, 272, 266, 266, 272, 270, 264, 274, 268, 269, 275, 275, 269, 267, 273, 271, 277, 278, 272, 272, 278, 276, 270, 280, 274, 275, 281, 281, 275, 273, 279, 277, 283, 284, 278, 278, 284, 282, 276, 286, 280, 281, 287, 287, 281, 279, 285, 283, 1, 2, 284, 284, 2, 0, 282, 4, 286, 287, 5, 5, 287, 285, 3, 0, 6, 12, 18, 24, 30, 36, 42, 48, 54, 60, 66, 72, 78, 84, 90, 96, 102, 108, 114, 120, 126, 132, 138, 144, 150, 156, 162, 168, 174, 180, 186, 192, 198, 204, 210, 216, 222, 228, 234, 240, 246, 252, 258, 264, 270, 276, 282]
        rel material:binding = </LidarMount/Materials/metal>
        uniform token physics:approximation = "convexHull"
        point3f[] points = [(0, 0.018472433, -1.0526199), (0, 0.022000015, -1.0490999), (0, 0.020966798, -1.051589), (0, 0.018472433, -0.08400011), (0, 0.022000015, -0.08752012), (0, 0.020966798, -0.08503103), (0.002411157, 0.018314421, -1.0526199), (0.002871573, 0.021811783, -1.0490999), (0.0027367175, 0.020787418, -1.051589), (0.002411157, 0.018314421, -0.08400011), (0.002871573, 0.021811783, -0.08752012), (0.0027367175, 0.020787418, -0.08503103), (0.0047810376, 0.017843008, -1.0526199), (0.0056940317, 0.021250367, -1.0490999), (0.0054266155, 0.020252377, -1.051589), (0.0047810376, 0.017843008, -0.08400011), (0.0056940317, 0.021250367, -0.08752012), (0.0054266155, 0.020252377, -0.08503103), (0.007069111, 0.01706633, -1.0526199), (0.008419037, 0.020325363, -1.0490999), (0.008023649, 0.019370794, -1.051589), (0.007069111, 0.01706633, -0.08400011), (0.008419037, 0.020325363, -0.08752012), (0.008023649, 0.019370794, -0.08503103), (0.009236217, 0.015997618, -1.0526199), (0.011000007, 0.019052565, -1.0490999), (0.010483414, 0.01815778, -1.051589), (0.009236217, 0.015997618, -0.08400011), (0.011000007, 0.019052565, -0.08752012), (0.010483414, 0.01815778, -0.08503103), (0.01124531, 0.014655173, -1.0526199), (0.013392746, 0.01745376, -1.0490999), (0.012763768, 0.016634077, -1.051589), (0.01124531, 0.014655173, -0.08400011), (0.013392746, 0.01745376, -0.08752012), (0.012763768, 0.016634077, -0.08503103), (0.013062, 0.013062, -1.0526199), (0.015556335, 0.015556335, -1.0490999), (0.014825761, 0.014825761, -1.051589), (0.013062, 0.013062, -0.08400011), (0.015556335, 0.015556335, -0.08752012), (0.014825761, 0.014825761, -0.08503103), (0.014655173, 0.01124531, -1.0526199), (0.01745376, 0.013392746, -1.0490999), (0.016634077, 0.012763768, -1.051589), (0.014655173, 0.01124531, -0.08400011), (0.01745376, 0.013392746, -0.08752012), (0.016634077, 0.012763768, -0.08503103), (0.015997618, 0.009236217, -1.0526199), (0.019052565, 0.011000007, -1.0490999), (0.01815778, 0.010483414, -1.051589), (0.015997618, 0.009236217, -0.08400011), (0.019052565, 0.011000007, -0.08752012), (0.01815778, 0.010483414, -0.08503103), (0.01706633, 0.007069111, -1.0526199), (0.020325363, 0.008419037, -1.0490999), (0.019370794, 0.008023649, -1.051589), (0.01706633, 0.007069111, -0.08400011), (0.020325363, 0.008419037, -0.08752012), (0.019370794, 0.008023649, -0.08503103), (0.017843008, 0.0047810376, -1.0526199), (0.021250367, 0.0056940317, -1.0490999), (0.020252377, 0.0054266155, -1.051589), (0.017843008, 0.0047810376, -0.08400011), (0.021250367, 0.0056940317, -0.08752012), (0.020252377, 0.0054266155, -0.08503103), (0.018314421, 0.002411157, -1.0526199), (0.021811783, 0.002871573, -1.0490999), (0.020787418, 0.0027367175, -1.051589), (0.018314421, 0.002411157, -0.08400011), (0.021811783, 0.002871573, -0.08752012), (0.020787418, 0.0027367175, -0.08503103), (0.018472433, 0, -1.0526199), (0.022000015, 0, -1.0490999), (0.020966798, 0, -1.051589), (0.018472433, 0, -0.08400011), (0.022000015, 0, -0.08752012), (0.020966798, 0, -0.08503103), (0.018314421, -0.002411142, -1.0526199), (0.021811783, -0.002871573, -1.0490999), (0.020787418, -0.0027367175, -1.051589), (0.018314421, -0.002411142, -0.08400011), (0.021811783, -0.002871573, -0.08752012), (0.020787418, -0.0027367175, -0.08503103), (0.017843008, -0.0047810227, -1.0526199), (0.021250367, -0.005694017, -1.0490999), (0.020252377, -0.0054266155, -1.051589), (0.017843008, -0.0047810227, -0.08400011), (0.021250367, -0.005694017, -0.08752012), (0.020252377, -0.0054266155, -0.08503103), (0.01706633, -0.007069096, -1.0526199), (0.020325363, -0.008419037, -1.0490999), (0.019370794, -0.008023649, -1.051589), (0.01706633, -0.007069096, -0.08400011), (0.020325363, -0.008419037, -0.08752012), (0.019370794, -0.008023649, -0.08503103), (0.015997618, -0.009236231, -1.0526199), (0.019052565, -0.011000007, -1.0490999), (0.01815778, -0.010483399, -1.051589), (0.015997618, -0.009236231, -0.08400011), (0.019052565, -0.011000007, -0.08752012), (0.01815778, -0.010483399, -0.08503103), (0.014655173, -0.01124531, -1.0526199), (0.01745376, -0.013392746, -1.0490999), (0.016634077, -0.012763783, -1.051589), (0.014655173, -0.01124531, -0.08400011), (0.01745376, -0.013392746, -0.08752012), (0.016634077, -0.012763783, -0.08503103), (0.013062, -0.013061985, -1.0526199), (0.015556335, -0.01555635, -1.0490999), (0.014825761, -0.014825761, -1.051589), (0.013062, -0.013061985, -0.08400011), (0.015556335, -0.01555635, -0.08752012), (0.014825761, -0.014825761, -0.08503103), (0.01124531, -0.014655173, -1.0526199), (0.013392746, -0.017453775, -1.0490999), (0.012763768, -0.016634077, -1.051589), (0.01124531, -0.014655173, -0.08400011), (0.013392746, -0.017453775, -0.08752012), (0.012763768, -0.016634077, -0.08503103), (0.009236217, -0.015997604, -1.0526199), (0.011000007, -0.019052565, -1.0490999), (0.010483414, -0.01815778, -1.051589), (0.009236217, -0.015997604, -0.08400011), (0.011000007, -0.019052565, -0.08752012), (0.010483414, -0.01815778, -0.08503103), (0.007069111, -0.017066315, -1.0526199), (0.008419037, -0.020325348, -1.0490999), (0.008023649, -0.019370794, -1.051589), (0.007069111, -0.017066315, -0.08400011), (0.008419037, -0.020325348, -0.08752012), (0.008023649, -0.019370794, -0.08503103), (0.0047810376, -0.017843008, -1.0526199), (0.0056940317, -0.021250367, -1.0490999), (0.0054266155, -0.020252377, -1.051589), (0.0047810376, -0.017843008, -0.08400011), (0.0056940317, -0.021250367, -0.08752012), (0.0054266155, -0.020252377, -0.08503103), (0.002411157, -0.018314406, -1.0526199), (0.002871573, -0.021811783, -1.0490999), (0.0027367175, -0.020787433, -1.051589), (0.002411157, -0.018314406, -0.08400011), (0.002871573, -0.021811783, -0.08752012), (0.0027367175, -0.020787433, -0.08503103), (0, -0.018472448, -1.0526199), (0, -0.022, -1.0490999), (0, -0.020966798, -1.051589), (0, -0.018472448, -0.08400011), (0, -0.022, -0.08752012), (0, -0.020966798, -0.08503103), (-0.002411157, -0.018314406, -1.0526199), (-0.002871573, -0.021811783, -1.0490999), (-0.0027367175, -0.020787433, -1.051589), (-0.002411157, -0.018314406, -0.08400011), (-0.002871573, -0.021811783, -0.08752012), (-0.0027367175, -0.020787433, -0.08503103), (-0.0047810376, -0.017843008, -1.0526199), (-0.0056940317, -0.021250367, -1.0490999), (-0.0054266155, -0.020252377, -1.051589), (-0.0047810376, -0.017843008, -0.08400011), (-0.0056940317, -0.021250367, -0.08752012), (-0.0054266155, -0.020252377, -0.08503103), (-0.007069111, -0.017066315, -1.0526199), (-0.008419037, -0.020325348, -1.0490999), (-0.008023649, -0.019370794, -1.051589), (-0.007069111, -0.017066315, -0.08400011), (-0.008419037, -0.020325348, -0.08752012), (-0.008023649, -0.019370794, -0.08503103), (-0.009236217, -0.015997604, -1.0526199), (-0.011000007, -0.019052565, -1.0490999), (-0.010483414, -0.01815778, -1.051589), (-0.009236217, -0.015997604, -0.08400011), (-0.011000007, -0.019052565, -0.08752012), (-0.010483414, -0.01815778, -0.08503103), (-0.01124531, -0.014655173, -1.0526199), (-0.013392746, -0.017453775, -1.0490999), (-0.012763768, -0.016634077, -1.051589), (-0.01124531, -0.014655173, -0.08400011), (-0.013392746, -0.017453775, -0.08752012), (-0.012763768, -0.016634077, -0.08503103), (-0.013062, -0.013061985, -1.0526199), (-0.015556335, -0.01555635, -1.0490999), (-0.014825761, -0.014825761, -1.051589), (-0.013062, -0.013061985, -0.08400011), (-0.015556335, -0.01555635, -0.08752012), (-0.014825761, -0.014825761, -0.08503103), (-0.014655173, -0.01124531, -1.0526199), (-0.01745376, -0.013392746, -1.0490999), (-0.016634077, -0.012763783, -1.051589), (-0.014655173, -0.01124531, -0.08400011), (-0.01745376, -0.013392746, -0.08752012), (-0.016634077, -0.012763783, -0.08503103), (-0.015997618, -0.009236231, -1.0526199), (-0.019052565, -0.011000007, -1.0490999), (-0.01815778, -0.010483399, -1.051589), (-0.015997618, -0.009236231, -0.08400011), (-0.019052565, -0.011000007, -0.08752012), (-0.01815778, -0.010483399, -0.08503103), (-0.01706633, -0.007069096, -1.0526199), (-0.020325363, -0.008419037, -1.0490999), (-0.019370794, -0.008023649, -1.051589), (-0.01706633, -0.007069096, -0.08400011), (-0.020325363, -0.008419037, -0.08752012), (-0.019370794, -0.008023649, -0.08503103), (-0.017843008, -0.0047810227, -1.0526199), (-0.021250367, -0.005694017, -1.0490999), (-0.020252377, -0.0054266155, -1.051589), (-0.017843008, -0.0047810227, -0.08400011), (-0.021250367, -0.005694017, -0.08752012), (-0.020252377, -0.0054266155, -0.08503103), (-0.018314421, -0.002411142, -1.0526199), (-0.021811783, -0.002871573, -1.0490999), (-0.020787418, -0.0027367175, -1.051589), (-0.018314421, -0.002411142, -0.08400011), (-0.021811783, -0.002871573, -0.08752012), (-0.020787418, -0.0027367175, -0.08503103), (-0.018472433, 0, -1.0526199), (-0.022000015, 0, -1.0490999), (-0.020966798, 0, -1.051589), (-0.018472433, 0, -0.08400011), (-0.022000015, 0, -0.08752012), (-0.020966798, 0, -0.08503103), (-0.018314421, 0.002411157, -1.0526199), (-0.021811783, 0.002871573, -1.0490999), (-0.020787418, 0.0027367175, -1.051589), (-0.018314421, 0.002411157, -0.08400011), (-0.021811783, 0.002871573, -0.08752012), (-0.020787418, 0.0027367175, -0.08503103), (-0.017843008, 0.0047810376, -1.0526199), (-0.021250367, 0.0056940317, -1.0490999), (-0.020252377, 0.0054266155, -1.051589), (-0.017843008, 0.0047810376, -0.08400011), (-0.021250367, 0.0056940317, -0.08752012), (-0.020252377, 0.0054266155, -0.08503103), (-0.01706633, 0.007069111, -1.0526199), (-0.020325363, 0.008419037, -1.0490999), (-0.019370794, 0.008023649, -1.051589), (-0.01706633, 0.007069111, -0.08400011), (-0.020325363, 0.008419037, -0.08752012), (-0.019370794, 0.008023649, -0.08503103), (-0.015997618, 0.009236217, -1.0526199), (-0.019052565, 0.011000007, -1.0490999), (-0.01815778, 0.010483414, -1.051589), (-0.015997618, 0.009236217, -0.08400011), (-0.019052565, 0.011000007, -0.08752012), (-0.01815778, 0.010483414, -0.08503103), (-0.014655173, 0.01124531, -1.0526199), (-0.01745376, 0.013392746, -1.0490999), (-0.016634077, 0.012763768, -1.051589), (-0.014655173, 0.01124531, -0.08400011), (-0.01745376, 0.013392746, -0.08752012), (-0.016634077, 0.012763768, -0.08503103), (-0.013062, 0.013062, -1.0526199), (-0.015556335, 0.015556335, -1.0490999), (-0.014825761, 0.014825761, -1.051589), (-0.013062, 0.013062, -0.08400011), (-0.015556335, 0.015556335, -0.08752012), (-0.014825761, 0.014825761, -0.08503103), (-0.01124531, 0.014655173, -1.0526199), (-0.013392746, 0.01745376, -1.0490999), (-0.012763768, 0.016634077, -1.051589), (-0.01124531, 0.014655173, -0.08400011), (-0.013392746, 0.01745376, -0.08752012), (-0.012763768, 0.016634077, -0.08503103), (-0.009236217, 0.015997618, -1.0526199), (-0.011000007, 0.019052565, -1.0490999), (-0.010483414, 0.01815778, -1.051589), (-0.009236217, 0.015997618, -0.08400011), (-0.011000007, 0.019052565, -0.08752012), (-0.010483414, 0.01815778, -0.08503103), (-0.007069111, 0.01706633, -1.0526199), (-0.008419037, 0.020325363, -1.0490999), (-0.008023649, 0.019370794, -1.051589), (-0.007069111, 0.01706633, -0.08400011), (-0.008419037, 0.020325363, -0.08752012), (-0.008023649, 0.019370794, -0.08503103), (-0.0047810376, 0.017843008, -1.0526199), (-0.0056940317, 0.021250367, -1.0490999), (-0.0054266155, 0.020252377, -1.051589), (-0.0047810376, 0.017843008, -0.08400011), (-0.0056940317, 0.021250367, -0.08752012), (-0.0054266155, 0.020252377, -0.08503103), (-0.002411157, 0.018314421, -1.0526199), (-0.002871573, 0.021811783, -1.0490999), (-0.0027367175, 0.020787418, -1.051589), (-0.002411157, 0.018314421, -0.08400011), (-0.002871573, 0.021811783, -0.08752012), (-0.0027367175, 0.020787418, -0.08503103)]
        uniform token subdivisionScheme = "none"
    }

    def Mesh "Lower_housing" (
        prepend apiSchemas = ["MaterialBindingAPI", "PhysicsCollisionAPI", "PhysicsMeshCollisionAPI"]
    )
    {
        float3[] extent = [(-0.050000012, -0.049999997, -0.08400011), (0.050000012, 0.050000012, -0.052000046)]
        int[] faceVertexCounts = [4, 4, 4, 4, 4, 4, 4, 4, 4, 4, 4, 4, 4, 4, 4, 4, 4, 4, 4, 4, 4, 4, 4, 4, 4, 4, 4, 4, 4, 4, 4, 4, 4, 4, 4, 4, 4, 4, 4, 4, 4, 4, 4, 4, 4, 4, 4, 48, 4, 4, 4, 4, 4, 4, 4, 4, 4, 4, 4, 4, 4, 4, 4, 4, 4, 4, 4, 4, 4, 4, 4, 4, 4, 4, 4, 4, 4, 4, 4, 4, 4, 4, 4, 4, 4, 4, 4, 4, 4, 4, 4, 4, 4, 4, 4, 4, 4, 4, 4, 4, 4, 4, 4, 4, 4, 4, 4, 4, 4, 4, 4, 4, 4, 4, 4, 4, 4, 4, 4, 4, 4, 4, 4, 4, 4, 4, 4, 4, 4, 4, 4, 4, 4, 4, 4, 4, 4, 4, 4, 4, 4, 4, 4, 4, 4, 4, 4, 4, 4, 4, 4, 4, 4, 4, 4, 4, 4, 4, 4, 4, 4, 4, 4, 4, 4, 4, 4, 4, 4, 4, 4, 4, 4, 4, 4, 4, 4, 4, 4, 4, 4, 4, 4, 4, 4, 4, 4, 4, 4, 4, 4, 4, 4, 4, 4, 4, 4, 4, 4, 4, 4, 4, 4, 4, 4, 4, 4, 4, 4, 4, 4, 4, 4, 4, 4, 4, 4, 4, 4, 4, 4, 4, 4, 4, 4, 4, 4, 4, 4, 4, 4, 4, 4, 4, 4, 4, 4, 4, 4, 4, 4, 48]
        int[] faceVertexIndices = [283, 286, 4, 1, 13, 16, 22, 19, 19, 22, 28, 25, 25, 28, 34, 31, 31, 34, 40, 37, 37, 40, 46, 43, 43, 46, 52, 49, 49, 52, 58, 55, 55, 58, 64, 61, 61, 64, 70, 67, 67, 70, 76, 73, 73, 76, 82, 79, 79, 82, 88, 85, 85, 88, 94, 91, 91, 94, 100, 97, 97, 100, 106, 103, 103, 106, 112, 109, 109, 112, 118, 115, 115, 118, 124, 121, 121, 124, 130, 127, 127, 130, 136, 133, 133, 136, 142, 139, 139, 142, 148, 145, 145, 148, 154, 151, 151, 154, 160, 157, 157, 160, 166, 163, 163, 166, 172, 169, 169, 172, 178, 175, 175, 178, 184, 181, 181, 184, 190, 187, 187, 190, 196, 193, 193, 196, 202, 199, 199, 202, 208, 205, 205, 208, 214, 211, 211, 214, 220, 217, 217, 220, 226, 223, 223, 226, 232, 229, 229, 232, 238, 235, 235, 238, 244, 241, 241, 244, 250, 247, 247, 250, 256, 253, 253, 256, 262, 259, 259, 262, 268, 265, 265, 268, 274, 271, 271, 274, 280, 277, 277, 280, 286, 283, 7, 10, 16, 13, 9, 3, 285, 279, 273, 267, 261, 255, 249, 243, 237, 231, 225, 219, 213, 207, 201, 195, 189, 183, 177, 171, 165, 159, 153, 147, 141, 135, 129, 123, 117, 111, 105, 99, 93, 87, 81, 75, 69, 63, 57, 51, 45, 39, 33, 27, 21, 15, 1, 4, 10, 7, 1, 7, 8, 2, 2, 8, 6, 0, 10, 4, 5, 11, 11, 5, 3, 9, 7, 13, 14, 8, 8, 14, 12, 6, 16, 10, 11, 17, 17, 11, 9, 15, 13, 19, 20, 14, 14, 20, 18, 12, 22, 16, 17, 23, 23, 17, 15, 21, 19, 25, 26, 20, 20, 26, 24, 18, 28, 22, 23, 29, 29, 23, 21, 27, 25, 31, 32, 26, 26, 32, 30, 24, 34, 28, 29, 35, 35, 29, 27, 33, 31, 37, 38, 32, 32, 38, 36, 30, 40, 34, 35, 41, 41, 35, 33, 39, 37, 43, 44, 38, 38, 44, 42, 36, 46, 40, 41, 47, 47, 41, 39, 45, 43, 49, 50, 44, 44, 50, 48, 42, 52, 46, 47, 53, 53, 47, 45, 51, 49, 55, 56, 50, 50, 56, 54, 48, 58, 52, 53, 59, 59, 53, 51, 57, 55, 61, 62, 56, 56, 62, 60, 54, 64, 58, 59, 65, 65, 59, 57, 63, 61, 67, 68, 62, 62, 68, 66, 60, 70, 64, 65, 71, 71, 65, 63, 69, 67, 73, 74, 68, 68, 74, 72, 66, 76, 70, 71, 77, 77, 71, 69, 75, 73, 79, 80, 74, 74, 80, 78, 72, 82, 76, 77, 83, 83, 77, 75, 81, 79, 85, 86, 80, 80, 86, 84, 78, 88, 82, 83, 89, 89, 83, 81, 87, 85, 91, 92, 86, 86, 92, 90, 84, 94, 88, 89, 95, 95, 89, 87, 93, 91, 97, 98, 92, 92, 98, 96, 90, 100, 94, 95, 101, 101, 95, 93, 99, 97, 103, 104, 98, 98, 104, 102, 96, 106, 100, 101, 107, 107, 101, 99, 105, 103, 109, 110, 104, 104, 110, 108, 102, 112, 106, 107, 113, 113, 107, 105, 111, 109, 115, 116, 110, 110, 116, 114, 108, 118, 112, 113, 119, 119, 113, 111, 117, 115, 121, 122, 116, 116, 122, 120, 114, 124, 118, 119, 125, 125, 119, 117, 123, 121, 127, 128, 122, 122, 128, 126, 120, 130, 124, 125, 131, 131, 125, 123, 129, 127, 133, 134, 128, 128, 134, 132, 126, 136, 130, 131, 137, 137, 131, 129, 135, 133, 139, 140, 134, 134, 140, 138, 132, 142, 136, 137, 143, 143, 137, 135, 141, 139, 145, 146, 140, 140, 146, 144, 138, 148, 142, 143, 149, 149, 143, 141, 147, 145, 151, 152, 146, 146, 152, 150, 144, 154, 148, 149, 155, 155, 149, 147, 153, 151, 157, 158, 152, 152, 158, 156, 150, 160, 154, 155, 161, 161, 155, 153, 159, 157, 163, 164, 158, 158, 164, 162, 156, 166, 160, 161, 167, 167, 161, 159, 165, 163, 169, 170, 164, 164, 170, 168, 162, 172, 166, 167, 173, 173, 167, 165, 171, 169, 175, 176, 170, 170, 176, 174, 168, 178, 172, 173, 179, 179, 173, 171, 177, 175, 181, 182, 176, 176, 182, 180, 174, 184, 178, 179, 185, 185, 179, 177, 183, 181, 187, 188, 182, 182, 188, 186, 180, 190, 184, 185, 191, 191, 185, 183, 189, 187, 193, 194, 188, 188, 194, 192, 186, 196, 190, 191, 197, 197, 191, 189, 195, 193, 199, 200, 194, 194, 200, 198, 192, 202, 196, 197, 203, 203, 197, 195, 201, 199, 205, 206, 200, 200, 206, 204, 198, 208, 202, 203, 209, 209, 203, 201, 207, 205, 211, 212, 206, 206, 212, 210, 204, 214, 208, 209, 215, 215, 209, 207, 213, 211, 217, 218, 212, 212, 218, 216, 210, 220, 214, 215, 221, 221, 215, 213, 219, 217, 223, 224, 218, 218, 224, 222, 216, 226, 220, 221, 227, 227, 221, 219, 225, 223, 229, 230, 224, 224, 230, 228, 222, 232, 226, 227, 233, 233, 227, 225, 231, 229, 235, 236, 230, 230, 236, 234, 228, 238, 232, 233, 239, 239, 233, 231, 237, 235, 241, 242, 236, 236, 242, 240, 234, 244, 238, 239, 245, 245, 239, 237, 243, 241, 247, 248, 242, 242, 248, 246, 240, 250, 244, 245, 251, 251, 245, 243, 249, 247, 253, 254, 248, 248, 254, 252, 246, 256, 250, 251, 257, 257, 251, 249, 255, 253, 259, 260, 254, 254, 260, 258, 252, 262, 256, 257, 263, 263, 257, 255, 261, 259, 265, 266, 260, 260, 266, 264, 258, 268, 262, 263, 269, 269, 263, 261, 267, 265, 271, 272, 266, 266, 272, 270, 264, 274, 268, 269, 275, 275, 269, 267, 273, 271, 277, 278, 272, 272, 278, 276, 270, 280, 274, 275, 281, 281, 275, 273, 279, 277, 283, 284, 278, 278, 284, 282, 276, 286, 280, 281, 287, 287, 281, 279, 285, 283, 1, 2, 284, 284, 2, 0, 282, 4, 286, 287, 5, 5, 287, 285, 3, 0, 6, 12, 18, 24, 30, 36, 42, 48, 54, 60, 66, 72, 78, 84, 90, 96, 102, 108, 114, 120, 126, 132, 138, 144, 150, 156, 162, 168, 174, 180, 186, 192, 198, 204, 210, 216, 222, 228, 234, 240, 246, 252, 258, 264, 270, 276, 282]
        rel material:binding = </LidarMount/Materials/metal>
        uniform token physics:approximation = "convexHull"
        point3f[] points = [(0, 0.04743451, -0.08400011), (0, 0.050000012, -0.08143997), (0, 0.049248576, -0.083250284), (0, 0.04743451, -0.052000046), (0, 0.050000012, -0.054560184), (0, 0.049248576, -0.052749872), (0.0061914325, 0.04702869, -0.08400011), (0.006526321, 0.04957223, -0.08143997), (0.0064282417, 0.04882726, -0.083250284), (0.0061914325, 0.04702869, -0.052000046), (0.006526321, 0.04957223, -0.054560184), (0.0064282417, 0.04882726, -0.052749872), (0.0122769475, 0.04581821, -0.08400011), (0.012940943, 0.048296303, -0.08143997), (0.012746483, 0.047570467, -0.083250284), (0.0122769475, 0.04581821, -0.052000046), (0.012940943, 0.048296303, -0.054560184), (0.012746483, 0.047570467, -0.052749872), (0.018152386, 0.04382378, -0.08400011), (0.019134164, 0.046193987, -0.08143997), (0.018846631, 0.04549977, -0.083250284), (0.018152386, 0.04382378, -0.052000046), (0.019134164, 0.046193987, -0.054560184), (0.018846631, 0.04549977, -0.052749872), (0.023717225, 0.04107949, -0.08400011), (0.025000006, 0.043301284, -0.08143997), (0.024624288, 0.04265052, -0.083250284), (0.023717225, 0.04107949, -0.052000046), (0.025000006, 0.043301284, -0.054560184), (0.024624288, 0.04265052, -0.052749872), (0.028876305, 0.037632316, -0.08400011), (0.030438066, 0.039667666, -0.08143997), (0.02998063, 0.03907153, -0.083250284), (0.028876305, 0.037632316, -0.052000046), (0.030438066, 0.039667666, -0.054560184), (0.02998063, 0.03907153, -0.052749872), (0.033541262, 0.033541262, -0.08400011), (0.03535533, 0.03535533, -0.08143997), (0.034824014, 0.034824014, -0.083250284), (0.033541262, 0.033541262, -0.052000046), (0.03535533, 0.03535533, -0.054560184), (0.034824014, 0.034824014, -0.052749872), (0.037632316, 0.028876305, -0.08400011), (0.039667666, 0.030438066, -0.08143997), (0.03907153, 0.02998063, -0.083250284), (0.037632316, 0.028876305, -0.052000046), (0.039667666, 0.030438066, -0.054560184), (0.03907153, 0.02998063, -0.052749872), (0.04107949, 0.023717225, -0.08400011), (0.043301284, 0.025000006, -0.08143997), (0.04265052, 0.024624288, -0.083250284), (0.04107949, 0.023717225, -0.052000046), (0.043301284, 0.025000006, -0.054560184), (0.04265052, 0.024624288, -0.052749872), (0.04382378, 0.018152386, -0.08400011), (0.046193987, 0.019134164, -0.08143997), (0.04549977, 0.018846631, -0.083250284), (0.04382378, 0.018152386, -0.052000046), (0.046193987, 0.019134164, -0.054560184), (0.04549977, 0.018846631, -0.052749872), (0.04581821, 0.0122769475, -0.08400011), (0.048296303, 0.012940943, -0.08143997), (0.047570467, 0.012746483, -0.083250284), (0.04581821, 0.0122769475, -0.052000046), (0.048296303, 0.012940943, -0.054560184), (0.047570467, 0.012746483, -0.052749872), (0.04702869, 0.0061914325, -0.08400011), (0.04957223, 0.006526321, -0.08143997), (0.04882726, 0.0064282417, -0.083250284), (0.04702869, 0.0061914325, -0.052000046), (0.04957223, 0.006526321, -0.054560184), (0.04882726, 0.0064282417, -0.052749872), (0.04743451, 0, -0.08400011), (0.050000012, 0, -0.08143997), (0.049248576, 0, -0.083250284), (0.04743451, 0, -0.052000046), (0.050000012, 0, -0.054560184), (0.049248576, 0, -0.052749872), (0.04702869, -0.0061914474, -0.08400011), (0.04957223, -0.0065263063, -0.08143997), (0.04882726, -0.006428227, -0.083250284), (0.04702869, -0.0061914474, -0.052000046), (0.04957223, -0.0065263063, -0.054560184), (0.04882726, -0.006428227, -0.052749872), (0.04581821, -0.0122769475, -0.08400011), (0.048296303, -0.012940958, -0.08143997), (0.047570467, -0.012746468, -0.083250284), (0.04581821, -0.0122769475, -0.052000046), (0.048296303, -0.012940958, -0.054560184), (0.047570467, -0.012746468, -0.052749872), (0.04382378, -0.0181524, -0.08400011), (0.046193987, -0.019134179, -0.08143997), (0.04549977, -0.018846616, -0.083250284), (0.04382378, -0.0181524, -0.052000046), (0.046193987, -0.019134179, -0.054560184), (0.04549977, -0.018846616, -0.052749872), (0.04107949, -0.02371724, -0.08400011), (0.043301284, -0.025000006, -0.08143997), (0.04265052, -0.024624288, -0.083250284), (0.04107949, -0.02371724, -0.052000046), (0.043301284, -0.025000006, -0.054560184), (0.04265052, -0.024624288, -0.052749872), (0.037632316, -0.028876305, -0.08400011), (0.039667666, -0.030438066, -0.08143997), (0.03907153, -0.02998063, -0.083250284), (0.037632316, -0.028876305, -0.052000046), (0.039667666, -0.030438066, -0.054560184), (0.03907153, -0.02998063, -0.052749872), (0.033541262, -0.033541262, -0.08400011), (0.03535533, -0.035355344, -0.08143997), (0.034824014, -0.034824014, -0.083250284), (0.033541262, -0.033541262, -0.052000046), (0.03535533, -0.035355344, -0.054560184), (0.034824014, -0.034824014, -0.052749872), (0.028876305, -0.037632316, -0.08400011), (0.030438066, -0.039667666, -0.08143997), (0.02998063, -0.03907153, -0.083250284), (0.028876305, -0.037632316, -0.052000046), (0.030438066, -0.039667666, -0.054560184), (0.02998063, -0.03907153, -0.052749872), (0.023717225, -0.04107949, -0.08400011), (0.025000006, -0.04330127, -0.08143997), (0.024624288, -0.04265052, -0.083250284), (0.023717225, -0.04107949, -0.052000046), (0.025000006, -0.04330127, -0.054560184), (0.024624288, -0.04265052, -0.052749872), (0.018152386, -0.04382378, -0.08400011), (0.019134164, -0.046193972, -0.08143997), (0.018846631, -0.04549977, -0.083250284), (0.018152386, -0.04382378, -0.052000046), (0.019134164, -0.046193972, -0.054560184), (0.018846631, -0.04549977, -0.052749872), (0.0122769475, -0.04581821, -0.08400011), (0.012940943, -0.048296288, -0.08143997), (0.012746483, -0.047570482, -0.083250284), (0.0122769475, -0.04581821, -0.052000046), (0.012940943, -0.048296288, -0.054560184), (0.012746483, -0.047570482, -0.052749872), (0.0061914325, -0.047028705, -0.08400011), (0.006526321, -0.049572244, -0.08143997), (0.0064282417, -0.04882726, -0.083250284), (0.0061914325, -0.047028705, -0.052000046), (0.006526321, -0.049572244, -0.054560184), (0.0064282417, -0.04882726, -0.052749872), (0, -0.04743451, -0.08400011), (0, -0.049999997, -0.08143997), (0, -0.049248576, -0.083250284), (0, -0.04743451, -0.052000046), (0, -0.049999997, -0.054560184), (0, -0.049248576, -0.052749872), (-0.0061914325, -0.047028705, -0.08400011), (-0.006526321, -0.049572244, -0.08143997), (-0.0064282417, -0.04882726, -0.083250284), (-0.0061914325, -0.047028705, -0.052000046), (-0.006526321, -0.049572244, -0.054560184), (-0.0064282417, -0.04882726, -0.052749872), (-0.0122769475, -0.04581821, -0.08400011), (-0.012940943, -0.048296288, -0.08143997), (-0.012746483, -0.047570482, -0.083250284), (-0.0122769475, -0.04581821, -0.052000046), (-0.012940943, -0.048296288, -0.054560184), (-0.012746483, -0.047570482, -0.052749872), (-0.018152386, -0.04382378, -0.08400011), (-0.019134164, -0.046193972, -0.08143997), (-0.018846631, -0.04549977, -0.083250284), (-0.018152386, -0.04382378, -0.052000046), (-0.019134164, -0.046193972, -0.054560184), (-0.018846631, -0.04549977, -0.052749872), (-0.023717225, -0.04107949, -0.08400011), (-0.025000006, -0.04330127, -0.08143997), (-0.024624288, -0.04265052, -0.083250284), (-0.023717225, -0.04107949, -0.052000046), (-0.025000006, -0.04330127, -0.054560184), (-0.024624288, -0.04265052, -0.052749872), (-0.028876305, -0.037632316, -0.08400011), (-0.030438066, -0.039667666, -0.08143997), (-0.02998063, -0.03907153, -0.083250284), (-0.028876305, -0.037632316, -0.052000046), (-0.030438066, -0.039667666, -0.054560184), (-0.02998063, -0.03907153, -0.052749872), (-0.033541262, -0.033541262, -0.08400011), (-0.03535533, -0.035355344, -0.08143997), (-0.034824014, -0.034824014, -0.083250284), (-0.033541262, -0.033541262, -0.052000046), (-0.03535533, -0.035355344, -0.054560184), (-0.034824014, -0.034824014, -0.052749872), (-0.037632316, -0.028876305, -0.08400011), (-0.039667666, -0.030438066, -0.08143997), (-0.03907153, -0.02998063, -0.083250284), (-0.037632316, -0.028876305, -0.052000046), (-0.039667666, -0.030438066, -0.054560184), (-0.03907153, -0.02998063, -0.052749872), (-0.04107949, -0.02371724, -0.08400011), (-0.043301284, -0.025000006, -0.08143997), (-0.04265052, -0.024624288, -0.083250284), (-0.04107949, -0.02371724, -0.052000046), (-0.043301284, -0.025000006, -0.054560184), (-0.04265052, -0.024624288, -0.052749872), (-0.04382378, -0.0181524, -0.08400011), (-0.046193987, -0.019134179, -0.08143997), (-0.04549977, -0.018846616, -0.083250284), (-0.04382378, -0.0181524, -0.052000046), (-0.046193987, -0.019134179, -0.054560184), (-0.04549977, -0.018846616, -0.052749872), (-0.04581821, -0.0122769475, -0.08400011), (-0.048296303, -0.012940958, -0.08143997), (-0.047570467, -0.012746468, -0.083250284), (-0.04581821, -0.0122769475, -0.052000046), (-0.048296303, -0.012940958, -0.054560184), (-0.047570467, -0.012746468, -0.052749872), (-0.04702869, -0.0061914474, -0.08400011), (-0.04957223, -0.0065263063, -0.08143997), (-0.04882726, -0.006428227, -0.083250284), (-0.04702869, -0.0061914474, -0.052000046), (-0.04957223, -0.0065263063, -0.054560184), (-0.04882726, -0.006428227, -0.052749872), (-0.04743451, 0, -0.08400011), (-0.050000012, 0, -0.08143997), (-0.049248576, 0, -0.083250284), (-0.04743451, 0, -0.052000046), (-0.050000012, 0, -0.054560184), (-0.049248576, 0, -0.052749872), (-0.04702869, 0.0061914325, -0.08400011), (-0.04957223, 0.006526321, -0.08143997), (-0.04882726, 0.0064282417, -0.083250284), (-0.04702869, 0.0061914325, -0.052000046), (-0.04957223, 0.006526321, -0.054560184), (-0.04882726, 0.0064282417, -0.052749872), (-0.04581821, 0.0122769475, -0.08400011), (-0.048296303, 0.012940943, -0.08143997), (-0.047570467, 0.012746483, -0.083250284), (-0.04581821, 0.0122769475, -0.052000046), (-0.048296303, 0.012940943, -0.054560184), (-0.047570467, 0.012746483, -0.052749872), (-0.04382378, 0.018152386, -0.08400011), (-0.046193987, 0.019134164, -0.08143997), (-0.04549977, 0.018846631, -0.083250284), (-0.04382378, 0.018152386, -0.052000046), (-0.046193987, 0.019134164, -0.054560184), (-0.04549977, 0.018846631, -0.052749872), (-0.04107949, 0.023717225, -0.08400011), (-0.043301284, 0.025000006, -0.08143997), (-0.04265052, 0.024624288, -0.083250284), (-0.04107949, 0.023717225, -0.052000046), (-0.043301284, 0.025000006, -0.054560184), (-0.04265052, 0.024624288, -0.052749872), (-0.037632316, 0.028876305, -0.08400011), (-0.039667666, 0.030438066, -0.08143997), (-0.03907153, 0.02998063, -0.083250284), (-0.037632316, 0.028876305, -0.052000046), (-0.039667666, 0.030438066, -0.054560184), (-0.03907153, 0.02998063, -0.052749872), (-0.033541262, 0.033541262, -0.08400011), (-0.03535533, 0.03535533, -0.08143997), (-0.034824014, 0.034824014, -0.083250284), (-0.033541262, 0.033541262, -0.052000046), (-0.03535533, 0.03535533, -0.054560184), (-0.034824014, 0.034824014, -0.052749872), (-0.028876305, 0.037632316, -0.08400011), (-0.030438066, 0.039667666, -0.08143997), (-0.02998063, 0.03907153, -0.083250284), (-0.028876305, 0.037632316, -0.052000046), (-0.030438066, 0.039667666, -0.054560184), (-0.02998063, 0.03907153, -0.052749872), (-0.023717225, 0.04107949, -0.08400011), (-0.025000006, 0.043301284, -0.08143997), (-0.024624288, 0.04265052, -0.083250284), (-0.023717225, 0.04107949, -0.052000046), (-0.025000006, 0.043301284, -0.054560184), (-0.024624288, 0.04265052, -0.052749872), (-0.018152386, 0.04382378, -0.08400011), (-0.019134164, 0.046193987, -0.08143997), (-0.018846631, 0.04549977, -0.083250284), (-0.018152386, 0.04382378, -0.052000046), (-0.019134164, 0.046193987, -0.054560184), (-0.018846631, 0.04549977, -0.052749872), (-0.0122769475, 0.04581821, -0.08400011), (-0.012940943, 0.048296303, -0.08143997), (-0.012746483, 0.047570467, -0.083250284), (-0.0122769475, 0.04581821, -0.052000046), (-0.012940943, 0.048296303, -0.054560184), (-0.012746483, 0.047570467, -0.052749872), (-0.0061914325, 0.04702869, -0.08400011), (-0.006526321, 0.04957223, -0.08143997), (-0.0064282417, 0.04882726, -0.083250284), (-0.0061914325, 0.04702869, -0.052000046), (-0.006526321, 0.04957223, -0.054560184), (-0.0064282417, 0.04882726, -0.052749872)]
        uniform token subdivisionScheme = "none"
    }

    def Mesh "Cooling_collar" (
        prepend apiSchemas = ["MaterialBindingAPI", "PhysicsCollisionAPI", "PhysicsMeshCollisionAPI"]
    )
    {
        float3[] extent = [(-0.057500005, -0.057500005, -0.052000046), (0.057500005, 0.057500005, -0.03999996)]
        int[] faceVertexCounts = [4, 4, 4, 4, 4, 4, 4, 4, 4, 4, 4, 4, 4, 4, 4, 4, 4, 4, 4, 4, 4, 4, 4, 4, 4, 4, 4, 4, 4, 4, 4, 4, 4, 4, 4, 4, 4, 4, 4, 4, 4, 4, 4, 4, 4, 4, 4, 48, 4, 4, 4, 4, 4, 4, 4, 4, 4, 4, 4, 4, 4, 4, 4, 4, 4, 4, 4, 4, 4, 4, 4, 4, 4, 4, 4, 4, 4, 4, 4, 4, 4, 4, 4, 4, 4, 4, 4, 4, 4, 4, 4, 4, 4, 4, 4, 4, 4, 4, 4, 4, 4, 4, 4, 4, 4, 4, 4, 4, 4, 4, 4, 4, 4, 4, 4, 4, 4, 4, 4, 4, 4, 4, 4, 4, 4, 4, 4, 4, 4, 4, 4, 4, 4, 4, 4, 4, 4, 4, 4, 4, 4, 4, 4, 4, 4, 4, 4, 4, 4, 4, 4, 4, 4, 4, 4, 4, 4, 4, 4, 4, 4, 4, 4, 4, 4, 4, 4, 4, 4, 4, 4, 4, 4, 4, 4, 4, 4, 4, 4, 4, 4, 4, 4, 4, 4, 4, 4, 4, 4, 4, 4, 4, 4, 4, 4, 4, 4, 4, 4, 4, 4, 4, 4, 4, 4, 4, 4, 4, 4, 4, 4, 4, 4, 4, 4, 4, 4, 4, 4, 4, 4, 4, 4, 4, 4, 4, 4, 4, 4, 4, 4, 4, 4, 4, 4, 4, 4, 4, 4, 4, 4, 48]
        int[] faceVertexIndices = [283, 286, 4, 1, 13, 16, 22, 19, 19, 22, 28, 25, 25, 28, 34, 31, 31, 34, 40, 37, 37, 40, 46, 43, 43, 46, 52, 49, 49, 52, 58, 55, 55, 58, 64, 61, 61, 64, 70, 67, 67, 70, 76, 73, 73, 76, 82, 79, 79, 82, 88, 85, 85, 88, 94, 91, 91, 94, 100, 97, 97, 100, 106, 103, 103, 106, 112, 109, 109, 112, 118, 115, 115, 118, 124, 121, 121, 124, 130, 127, 127, 130, 136, 133, 133, 136, 142, 139, 139, 142, 148, 145, 145, 148, 154, 151, 151, 154, 160, 157, 157, 160, 166, 163, 163, 166, 172, 169, 169, 172, 178, 175, 175, 178, 184, 181, 181, 184, 190, 187, 187, 190, 196, 193, 193, 196, 202, 199, 199, 202, 208, 205, 205, 208, 214, 211, 211, 214, 220, 217, 217, 220, 226, 223, 223, 226, 232, 229, 229, 232, 238, 235, 235, 238, 244, 241, 241, 244, 250, 247, 247, 250, 256, 253, 253, 256, 262, 259, 259, 262, 268, 265, 265, 268, 274, 271, 271, 274, 280, 277, 277, 280, 286, 283, 7, 10, 16, 13, 9, 3, 285, 279, 273, 267, 261, 255, 249, 243, 237, 231, 225, 219, 213, 207, 201, 195, 189, 183, 177, 171, 165, 159, 153, 147, 141, 135, 129, 123, 117, 111, 105, 99, 93, 87, 81, 75, 69, 63, 57, 51, 45, 39, 33, 27, 21, 15, 1, 4, 10, 7, 1, 7, 8, 2, 2, 8, 6, 0, 10, 4, 5, 11, 11, 5, 3, 9, 7, 13, 14, 8, 8, 14, 12, 6, 16, 10, 11, 17, 17, 11, 9, 15, 13, 19, 20, 14, 14, 20, 18, 12, 22, 16, 17, 23, 23, 17, 15, 21, 19, 25, 26, 20, 20, 26, 24, 18, 28, 22, 23, 29, 29, 23, 21, 27, 25, 31, 32, 26, 26, 32, 30, 24, 34, 28, 29, 35, 35, 29, 27, 33, 31, 37, 38, 32, 32, 38, 36, 30, 40, 34, 35, 41, 41, 35, 33, 39, 37, 43, 44, 38, 38, 44, 42, 36, 46, 40, 41, 47, 47, 41, 39, 45, 43, 49, 50, 44, 44, 50, 48, 42, 52, 46, 47, 53, 53, 47, 45, 51, 49, 55, 56, 50, 50, 56, 54, 48, 58, 52, 53, 59, 59, 53, 51, 57, 55, 61, 62, 56, 56, 62, 60, 54, 64, 58, 59, 65, 65, 59, 57, 63, 61, 67, 68, 62, 62, 68, 66, 60, 70, 64, 65, 71, 71, 65, 63, 69, 67, 73, 74, 68, 68, 74, 72, 66, 76, 70, 71, 77, 77, 71, 69, 75, 73, 79, 80, 74, 74, 80, 78, 72, 82, 76, 77, 83, 83, 77, 75, 81, 79, 85, 86, 80, 80, 86, 84, 78, 88, 82, 83, 89, 89, 83, 81, 87, 85, 91, 92, 86, 86, 92, 90, 84, 94, 88, 89, 95, 95, 89, 87, 93, 91, 97, 98, 92, 92, 98, 96, 90, 100, 94, 95, 101, 101, 95, 93, 99, 97, 103, 104, 98, 98, 104, 102, 96, 106, 100, 101, 107, 107, 101, 99, 105, 103, 109, 110, 104, 104, 110, 108, 102, 112, 106, 107, 113, 113, 107, 105, 111, 109, 115, 116, 110, 110, 116, 114, 108, 118, 112, 113, 119, 119, 113, 111, 117, 115, 121, 122, 116, 116, 122, 120, 114, 124, 118, 119, 125, 125, 119, 117, 123, 121, 127, 128, 122, 122, 128, 126, 120, 130, 124, 125, 131, 131, 125, 123, 129, 127, 133, 134, 128, 128, 134, 132, 126, 136, 130, 131, 137, 137, 131, 129, 135, 133, 139, 140, 134, 134, 140, 138, 132, 142, 136, 137, 143, 143, 137, 135, 141, 139, 145, 146, 140, 140, 146, 144, 138, 148, 142, 143, 149, 149, 143, 141, 147, 145, 151, 152, 146, 146, 152, 150, 144, 154, 148, 149, 155, 155, 149, 147, 153, 151, 157, 158, 152, 152, 158, 156, 150, 160, 154, 155, 161, 161, 155, 153, 159, 157, 163, 164, 158, 158, 164, 162, 156, 166, 160, 161, 167, 167, 161, 159, 165, 163, 169, 170, 164, 164, 170, 168, 162, 172, 166, 167, 173, 173, 167, 165, 171, 169, 175, 176, 170, 170, 176, 174, 168, 178, 172, 173, 179, 179, 173, 171, 177, 175, 181, 182, 176, 176, 182, 180, 174, 184, 178, 179, 185, 185, 179, 177, 183, 181, 187, 188, 182, 182, 188, 186, 180, 190, 184, 185, 191, 191, 185, 183, 189, 187, 193, 194, 188, 188, 194, 192, 186, 196, 190, 191, 197, 197, 191, 189, 195, 193, 199, 200, 194, 194, 200, 198, 192, 202, 196, 197, 203, 203, 197, 195, 201, 199, 205, 206, 200, 200, 206, 204, 198, 208, 202, 203, 209, 209, 203, 201, 207, 205, 211, 212, 206, 206, 212, 210, 204, 214, 208, 209, 215, 215, 209, 207, 213, 211, 217, 218, 212, 212, 218, 216, 210, 220, 214, 215, 221, 221, 215, 213, 219, 217, 223, 224, 218, 218, 224, 222, 216, 226, 220, 221, 227, 227, 221, 219, 225, 223, 229, 230, 224, 224, 230, 228, 222, 232, 226, 227, 233, 233, 227, 225, 231, 229, 235, 236, 230, 230, 236, 234, 228, 238, 232, 233, 239, 239, 233, 231, 237, 235, 241, 242, 236, 236, 242, 240, 234, 244, 238, 239, 245, 245, 239, 237, 243, 241, 247, 248, 242, 242, 248, 246, 240, 250, 244, 245, 251, 251, 245, 243, 249, 247, 253, 254, 248, 248, 254, 252, 246, 256, 250, 251, 257, 257, 251, 249, 255, 253, 259, 260, 254, 254, 260, 258, 252, 262, 256, 257, 263, 263, 257, 255, 261, 259, 265, 266, 260, 260, 266, 264, 258, 268, 262, 263, 269, 269, 263, 261, 267, 265, 271, 272, 266, 266, 272, 270, 264, 274, 268, 269, 275, 275, 269, 267, 273, 271, 277, 278, 272, 272, 278, 276, 270, 280, 274, 275, 281, 281, 275, 273, 279, 277, 283, 284, 278, 278, 284, 282, 276, 286, 280, 281, 287, 287, 281, 279, 285, 283, 1, 2, 284, 284, 2, 0, 282, 4, 286, 287, 5, 5, 287, 285, 3, 0, 6, 12, 18, 24, 30, 36, 42, 48, 54, 60, 66, 72, 78, 84, 90, 96, 102, 108, 114, 120, 126, 132, 138, 144, 150, 156, 162, 168, 174, 180, 186, 192, 198, 204, 210, 216, 222, 228, 234, 240, 246, 252, 258, 264, 270, 276, 282]
        rel material:binding = </LidarMount/Materials/metal>
        uniform token physics:approximation = "convexHull"
        point3f[] points = [(0, 0.056537926, -0.052000046), (0, 0.057500005, -0.051039934), (0, 0.05721736, -0.05171871), (0, 0.056537926, -0.03999996), (0, 0.057500005, -0.040960073), (0, 0.05721736, -0.040281296), (0.007379681, 0.056054264, -0.052000046), (0.007505268, 0.057008088, -0.051039934), (0.0074683726, 0.056727886, -0.05171871), (0.007379681, 0.056054264, -0.03999996), (0.007505268, 0.057008088, -0.040960073), (0.0074683726, 0.056727886, -0.040281296), (0.014633089, 0.054611474, -0.052000046), (0.014882088, 0.05554074, -0.051039934), (0.014808953, 0.05526775, -0.05171871), (0.014633089, 0.054611474, -0.03999996), (0.014882088, 0.05554074, -0.040960073), (0.014808953, 0.05526775, -0.040281296), (0.021636128, 0.052234232, -0.052000046), (0.022004306, 0.053123057, -0.051039934), (0.021896154, 0.05286196, -0.05171871), (0.021636128, 0.052234232, -0.03999996), (0.022004306, 0.053123057, -0.040960073), (0.021896154, 0.05286196, -0.040281296), (0.028268963, 0.04896331, -0.052000046), (0.028750002, 0.049796462, -0.051039934), (0.02860868, 0.049551696, -0.05171871), (0.028268963, 0.04896331, -0.03999996), (0.028750002, 0.049796462, -0.040960073), (0.02860868, 0.049551696, -0.040281296), (0.034418106, 0.04485458, -0.052000046), (0.03500378, 0.04561782, -0.051039934), (0.034831703, 0.045393586, -0.05171871), (0.034418106, 0.04485458, -0.03999996), (0.03500378, 0.04561782, -0.040960073), (0.034831703, 0.045393586, -0.040281296), (0.039978355, 0.039978355, -0.052000046), (0.040658653, 0.040658653, -0.051039934), (0.0404588, 0.0404588, -0.05171871), (0.039978355, 0.039978355, -0.03999996), (0.040658653, 0.040658653, -0.040960073), (0.0404588, 0.0404588, -0.040281296), (0.04485458, 0.034418106, -0.052000046), (0.04561782, 0.03500378, -0.051039934), (0.045393586, 0.034831703, -0.05171871), (0.04485458, 0.034418106, -0.03999996), (0.04561782, 0.03500378, -0.040960073), (0.045393586, 0.034831703, -0.040281296), (0.04896331, 0.028268963, -0.052000046), (0.049796462, 0.028750002, -0.051039934), (0.049551696, 0.02860868, -0.05171871), (0.04896331, 0.028268963, -0.03999996), (0.049796462, 0.028750002, -0.040960073), (0.049551696, 0.02860868, -0.040281296), (0.052234232, 0.021636128, -0.052000046), (0.053123057, 0.022004306, -0.051039934), (0.05286193, 0.021896154, -0.05171871), (0.052234232, 0.021636128, -0.03999996), (0.053123057, 0.022004306, -0.040960073), (0.05286193, 0.021896154, -0.040281296), (0.054611444, 0.014633089, -0.052000046), (0.05554074, 0.014882088, -0.051039934), (0.05526775, 0.014808953, -0.05171871), (0.054611444, 0.014633089, -0.03999996), (0.05554074, 0.014882088, -0.040960073), (0.05526775, 0.014808953, -0.040281296), (0.056054235, 0.007379681, -0.052000046), (0.057008088, 0.007505268, -0.051039934), (0.056727886, 0.0074683726, -0.05171871), (0.056054235, 0.007379681, -0.03999996), (0.057008088, 0.007505268, -0.040960073), (0.056727886, 0.0074683726, -0.040281296), (0.056537926, 0, -0.052000046), (0.057500005, 0, -0.051039934), (0.05721736, 0, -0.05171871), (0.056537926, 0, -0.03999996), (0.057500005, 0, -0.040960073), (0.05721736, 0, -0.040281296), (0.056054235, -0.007379681, -0.052000046), (0.057008088, -0.007505253, -0.051039934), (0.056727886, -0.0074683726, -0.05171871), (0.056054235, -0.007379681, -0.03999996), (0.057008088, -0.007505253, -0.040960073), (0.056727886, -0.0074683726, -0.040281296), (0.054611444, -0.014633089, -0.052000046), (0.05554074, -0.014882088, -0.051039934), (0.05526775, -0.014808938, -0.05171871), (0.054611444, -0.014633089, -0.03999996), (0.05554074, -0.014882088, -0.040960073), (0.05526775, -0.014808938, -0.040281296), (0.052234232, -0.021636143, -0.052000046), (0.053123057, -0.022004306, -0.051039934), (0.05286193, -0.021896154, -0.05171871), (0.052234232, -0.021636143, -0.03999996), (0.053123057, -0.022004306, -0.040960073), (0.05286193, -0.021896154, -0.040281296), (0.04896331, -0.028268963, -0.052000046), (0.049796462, -0.028750002, -0.051039934), (0.049551696, -0.02860868, -0.05171871), (0.04896331, -0.028268963, -0.03999996), (0.049796462, -0.028750002, -0.040960073), (0.049551696, -0.02860868, -0.040281296), (0.04485458, -0.034418106, -0.052000046), (0.04561782, -0.03500378, -0.051039934), (0.045393586, -0.034831718, -0.05171871), (0.04485458, -0.034418106, -0.03999996), (0.04561782, -0.03500378, -0.040960073), (0.045393586, -0.034831718, -0.040281296), (0.039978355, -0.039978355, -0.052000046), (0.040658653, -0.040658638, -0.051039934), (0.0404588, -0.0404588, -0.05171871), (0.039978355, -0.039978355, -0.03999996), (0.040658653, -0.040658638, -0.040960073), (0.0404588, -0.0404588, -0.040281296), (0.034418106, -0.044854566, -0.052000046), (0.03500378, -0.04561782, -0.051039934), (0.034831703, -0.045393586, -0.05171871), (0.034418106, -0.044854566, -0.03999996), (0.03500378, -0.04561782, -0.040960073), (0.034831703, -0.045393586, -0.040281296), (0.028268963, -0.048963293, -0.052000046), (0.028750002, -0.049796462, -0.051039934), (0.02860868, -0.049551696, -0.05171871), (0.028268963, -0.048963293, -0.03999996), (0.028750002, -0.049796462, -0.040960073), (0.02860868, -0.049551696, -0.040281296), (0.021636128, -0.052234232, -0.052000046), (0.022004306, -0.05312307, -0.051039934), (0.021896154, -0.05286196, -0.05171871), (0.021636128, -0.052234232, -0.03999996), (0.022004306, -0.05312307, -0.040960073), (0.021896154, -0.05286196, -0.040281296), (0.014633089, -0.05461146, -0.052000046), (0.014882088, -0.05554074, -0.051039934), (0.014808953, -0.055267736, -0.05171871), (0.014633089, -0.05461146, -0.03999996), (0.014882088, -0.05554074, -0.040960073), (0.014808953, -0.055267736, -0.040281296), (0.007379681, -0.05605425, -0.052000046), (0.007505268, -0.057008088, -0.051039934), (0.0074683726, -0.05672787, -0.05171871), (0.007379681, -0.05605425, -0.03999996), (0.007505268, -0.057008088, -0.040960073), (0.0074683726, -0.05672787, -0.040281296), (0, -0.05653794, -0.052000046), (0, -0.057500005, -0.051039934), (0, -0.057217374, -0.05171871), (0, -0.05653794, -0.03999996), (0, -0.057500005, -0.040960073), (0, -0.057217374, -0.040281296), (-0.007379681, -0.05605425, -0.052000046), (-0.007505268, -0.057008088, -0.051039934), (-0.0074683726, -0.05672787, -0.05171871), (-0.007379681, -0.05605425, -0.03999996), (-0.007505268, -0.057008088, -0.040960073), (-0.0074683726, -0.05672787, -0.040281296), (-0.014633089, -0.05461146, -0.052000046), (-0.014882088, -0.05554074, -0.051039934), (-0.014808953, -0.055267736, -0.05171871), (-0.014633089, -0.05461146, -0.03999996), (-0.014882088, -0.05554074, -0.040960073), (-0.014808953, -0.055267736, -0.040281296), (-0.021636128, -0.052234232, -0.052000046), (-0.022004306, -0.05312307, -0.051039934), (-0.021896154, -0.05286196, -0.05171871), (-0.021636128, -0.052234232, -0.03999996), (-0.022004306, -0.05312307, -0.040960073), (-0.021896154, -0.05286196, -0.040281296), (-0.028268963, -0.048963293, -0.052000046), (-0.028750002, -0.049796462, -0.051039934), (-0.02860868, -0.049551696, -0.05171871), (-0.028268963, -0.048963293, -0.03999996), (-0.028750002, -0.049796462, -0.040960073), (-0.02860868, -0.049551696, -0.040281296), (-0.034418106, -0.044854566, -0.052000046), (-0.03500378, -0.04561782, -0.051039934), (-0.034831703, -0.045393586, -0.05171871), (-0.034418106, -0.044854566, -0.03999996), (-0.03500378, -0.04561782, -0.040960073), (-0.034831703, -0.045393586, -0.040281296), (-0.039978355, -0.039978355, -0.052000046), (-0.040658653, -0.040658638, -0.051039934), (-0.0404588, -0.0404588, -0.05171871), (-0.039978355, -0.039978355, -0.03999996), (-0.040658653, -0.040658638, -0.040960073), (-0.0404588, -0.0404588, -0.040281296), (-0.04485458, -0.034418106, -0.052000046), (-0.04561782, -0.03500378, -0.051039934), (-0.045393586, -0.034831718, -0.05171871), (-0.04485458, -0.034418106, -0.03999996), (-0.04561782, -0.03500378, -0.040960073), (-0.045393586, -0.034831718, -0.040281296), (-0.04896331, -0.028268963, -0.052000046), (-0.049796462, -0.028750002, -0.051039934), (-0.049551696, -0.02860868, -0.05171871), (-0.04896331, -0.028268963, -0.03999996), (-0.049796462, -0.028750002, -0.040960073), (-0.049551696, -0.02860868, -0.040281296), (-0.052234232, -0.021636143, -0.052000046), (-0.053123057, -0.022004306, -0.051039934), (-0.05286196, -0.021896154, -0.05171871), (-0.052234232, -0.021636143, -0.03999996), (-0.053123057, -0.022004306, -0.040960073), (-0.05286196, -0.021896154, -0.040281296), (-0.054611474, -0.014633089, -0.052000046), (-0.05554074, -0.014882088, -0.051039934), (-0.05526775, -0.014808938, -0.05171871), (-0.054611474, -0.014633089, -0.03999996), (-0.05554074, -0.014882088, -0.040960073), (-0.05526775, -0.014808938, -0.040281296), (-0.056054264, -0.007379681, -0.052000046), (-0.057008088, -0.007505253, -0.051039934), (-0.056727886, -0.0074683726, -0.05171871), (-0.056054264, -0.007379681, -0.03999996), (-0.057008088, -0.007505253, -0.040960073), (-0.056727886, -0.0074683726, -0.040281296), (-0.056537926, 0, -0.052000046), (-0.057500005, 0, -0.051039934), (-0.05721736, 0, -0.05171871), (-0.056537926, 0, -0.03999996), (-0.057500005, 0, -0.040960073), (-0.05721736, 0, -0.040281296), (-0.056054264, 0.007379681, -0.052000046), (-0.057008088, 0.007505268, -0.051039934), (-0.056727886, 0.0074683726, -0.05171871), (-0.056054264, 0.007379681, -0.03999996), (-0.057008088, 0.007505268, -0.040960073), (-0.056727886, 0.0074683726, -0.040281296), (-0.054611474, 0.014633089, -0.052000046), (-0.05554074, 0.014882088, -0.051039934), (-0.05526775, 0.014808953, -0.05171871), (-0.054611474, 0.014633089, -0.03999996), (-0.05554074, 0.014882088, -0.040960073), (-0.05526775, 0.014808953, -0.040281296), (-0.052234232, 0.021636128, -0.052000046), (-0.053123057, 0.022004306, -0.051039934), (-0.05286196, 0.021896154, -0.05171871), (-0.052234232, 0.021636128, -0.03999996), (-0.053123057, 0.022004306, -0.040960073), (-0.05286196, 0.021896154, -0.040281296), (-0.04896331, 0.028268963, -0.052000046), (-0.049796462, 0.028750002, -0.051039934), (-0.049551696, 0.02860868, -0.05171871), (-0.04896331, 0.028268963, -0.03999996), (-0.049796462, 0.028750002, -0.040960073), (-0.049551696, 0.02860868, -0.040281296), (-0.04485458, 0.034418106, -0.052000046), (-0.04561782, 0.03500378, -0.051039934), (-0.045393586, 0.034831703, -0.05171871), (-0.04485458, 0.034418106, -0.03999996), (-0.04561782, 0.03500378, -0.040960073), (-0.045393586, 0.034831703, -0.040281296), (-0.039978355, 0.039978355, -0.052000046), (-0.040658653, 0.040658653, -0.051039934), (-0.0404588, 0.0404588, -0.05171871), (-0.039978355, 0.039978355, -0.03999996), (-0.040658653, 0.040658653, -0.040960073), (-0.0404588, 0.0404588, -0.040281296), (-0.034418106, 0.04485458, -0.052000046), (-0.03500378, 0.04561782, -0.051039934), (-0.034831703, 0.045393586, -0.05171871), (-0.034418106, 0.04485458, -0.03999996), (-0.03500378, 0.04561782, -0.040960073), (-0.034831703, 0.045393586, -0.040281296), (-0.028268963, 0.04896331, -0.052000046), (-0.028750002, 0.049796462, -0.051039934), (-0.02860868, 0.049551696, -0.05171871), (-0.028268963, 0.04896331, -0.03999996), (-0.028750002, 0.049796462, -0.040960073), (-0.02860868, 0.049551696, -0.040281296), (-0.021636128, 0.052234232, -0.052000046), (-0.022004306, 0.053123057, -0.051039934), (-0.021896154, 0.05286196, -0.05171871), (-0.021636128, 0.052234232, -0.03999996), (-0.022004306, 0.053123057, -0.040960073), (-0.021896154, 0.05286196, -0.040281296), (-0.014633089, 0.054611474, -0.052000046), (-0.014882088, 0.05554074, -0.051039934), (-0.014808953, 0.05526775, -0.05171871), (-0.014633089, 0.054611474, -0.03999996), (-0.014882088, 0.05554074, -0.040960073), (-0.014808953, 0.05526775, -0.040281296), (-0.007379681, 0.056054264, -0.052000046), (-0.007505268, 0.057008088, -0.051039934), (-0.0074683726, 0.056727886, -0.05171871), (-0.007379681, 0.056054264, -0.03999996), (-0.007505268, 0.057008088, -0.040960073), (-0.0074683726, 0.056727886, -0.040281296)]
        uniform token subdivisionScheme = "none"
    }

    def Mesh "Optical_window_001" (
        prepend apiSchemas = ["MaterialBindingAPI", "PhysicsCollisionAPI", "PhysicsMeshCollisionAPI"]
    )
    {
        float3[] extent = [(-0.05399999, -0.054000005, -0.036000013), (0.05400002, 0.05399999, 0.036000013)]
        int[] faceVertexCounts = [4, 4, 4, 4, 4, 4, 4, 4, 4, 4, 4, 4, 4, 4, 4, 4, 4, 4, 4, 4, 4, 4, 4, 4, 4, 4, 4, 4, 4, 4, 4, 4, 4, 4, 4, 4, 4, 4, 4, 4, 4, 4, 4, 4, 4, 4, 4, 48, 4, 4, 4, 4, 4, 4, 4, 4, 4, 4, 4, 4, 4, 4, 4, 4, 4, 4, 4, 4, 4, 4, 4, 4, 4, 4, 4, 4, 4, 4, 4, 4, 4, 4, 4, 4, 4, 4, 4, 4, 4, 4, 4, 4, 4, 4, 4, 4, 4, 4, 4, 4, 4, 4, 4, 4, 4, 4, 4, 4, 4, 4, 4, 4, 4, 4, 4, 4, 4, 4, 4, 4, 4, 4, 4, 4, 4, 4, 4, 4, 4, 4, 4, 4, 4, 4, 4, 4, 4, 4, 4, 4, 4, 4, 4, 4, 4, 4, 4, 4, 4, 4, 4, 4, 4, 4, 4, 4, 4, 4, 4, 4, 4, 4, 4, 4, 4, 4, 4, 4, 4, 4, 4, 4, 4, 4, 4, 4, 4, 4, 4, 4, 4, 4, 4, 4, 4, 4, 4, 4, 4, 4, 4, 4, 4, 4, 4, 4, 4, 4, 4, 4, 4, 4, 4, 4, 4, 4, 4, 4, 4, 4, 4, 4, 4, 4, 4, 4, 4, 4, 4, 4, 4, 4, 4, 4, 4, 4, 4, 4, 4, 4, 4, 4, 4, 4, 4, 4, 4, 4, 4, 4, 4, 48]
        int[] faceVertexIndices = [283, 286, 4, 1, 13, 16, 22, 19, 19, 22, 28, 25, 25, 28, 34, 31, 31, 34, 40, 37, 37, 40, 46, 43, 43, 46, 52, 49, 49, 52, 58, 55, 55, 58, 64, 61, 61, 64, 70, 67, 67, 70, 76, 73, 73, 76, 82, 79, 79, 82, 88, 85, 85, 88, 94, 91, 91, 94, 100, 97, 97, 100, 106, 103, 103, 106, 112, 109, 109, 112, 118, 115, 115, 118, 124, 121, 121, 124, 130, 127, 127, 130, 136, 133, 133, 136, 142, 139, 139, 142, 148, 145, 145, 148, 154, 151, 151, 154, 160, 157, 157, 160, 166, 163, 163, 166, 172, 169, 169, 172, 178, 175, 175, 178, 184, 181, 181, 184, 190, 187, 187, 190, 196, 193, 193, 196, 202, 199, 199, 202, 208, 205, 205, 208, 214, 211, 211, 214, 220, 217, 217, 220, 226, 223, 223, 226, 232, 229, 229, 232, 238, 235, 235, 238, 244, 241, 241, 244, 250, 247, 247, 250, 256, 253, 253, 256, 262, 259, 259, 262, 268, 265, 265, 268, 274, 271, 271, 274, 280, 277, 277, 280, 286, 283, 7, 10, 16, 13, 9, 3, 285, 279, 273, 267, 261, 255, 249, 243, 237, 231, 225, 219, 213, 207, 201, 195, 189, 183, 177, 171, 165, 159, 153, 147, 141, 135, 129, 123, 117, 111, 105, 99, 93, 87, 81, 75, 69, 63, 57, 51, 45, 39, 33, 27, 21, 15, 1, 4, 10, 7, 1, 7, 8, 2, 2, 8, 6, 0, 10, 4, 5, 11, 11, 5, 3, 9, 7, 13, 14, 8, 8, 14, 12, 6, 16, 10, 11, 17, 17, 11, 9, 15, 13, 19, 20, 14, 14, 20, 18, 12, 22, 16, 17, 23, 23, 17, 15, 21, 19, 25, 26, 20, 20, 26, 24, 18, 28, 22, 23, 29, 29, 23, 21, 27, 25, 31, 32, 26, 26, 32, 30, 24, 34, 28, 29, 35, 35, 29, 27, 33, 31, 37, 38, 32, 32, 38, 36, 30, 40, 34, 35, 41, 41, 35, 33, 39, 37, 43, 44, 38, 38, 44, 42, 36, 46, 40, 41, 47, 47, 41, 39, 45, 43, 49, 50, 44, 44, 50, 48, 42, 52, 46, 47, 53, 53, 47, 45, 51, 49, 55, 56, 50, 50, 56, 54, 48, 58, 52, 53, 59, 59, 53, 51, 57, 55, 61, 62, 56, 56, 62, 60, 54, 64, 58, 59, 65, 65, 59, 57, 63, 61, 67, 68, 62, 62, 68, 66, 60, 70, 64, 65, 71, 71, 65, 63, 69, 67, 73, 74, 68, 68, 74, 72, 66, 76, 70, 71, 77, 77, 71, 69, 75, 73, 79, 80, 74, 74, 80, 78, 72, 82, 76, 77, 83, 83, 77, 75, 81, 79, 85, 86, 80, 80, 86, 84, 78, 88, 82, 83, 89, 89, 83, 81, 87, 85, 91, 92, 86, 86, 92, 90, 84, 94, 88, 89, 95, 95, 89, 87, 93, 91, 97, 98, 92, 92, 98, 96, 90, 100, 94, 95, 101, 101, 95, 93, 99, 97, 103, 104, 98, 98, 104, 102, 96, 106, 100, 101, 107, 107, 101, 99, 105, 103, 109, 110, 104, 104, 110, 108, 102, 112, 106, 107, 113, 113, 107, 105, 111, 109, 115, 116, 110, 110, 116, 114, 108, 118, 112, 113, 119, 119, 113, 111, 117, 115, 121, 122, 116, 116, 122, 120, 114, 124, 118, 119, 125, 125, 119, 117, 123, 121, 127, 128, 122, 122, 128, 126, 120, 130, 124, 125, 131, 131, 125, 123, 129, 127, 133, 134, 128, 128, 134, 132, 126, 136, 130, 131, 137, 137, 131, 129, 135, 133, 139, 140, 134, 134, 140, 138, 132, 142, 136, 137, 143, 143, 137, 135, 141, 139, 145, 146, 140, 140, 146, 144, 138, 148, 142, 143, 149, 149, 143, 141, 147, 145, 151, 152, 146, 146, 152, 150, 144, 154, 148, 149, 155, 155, 149, 147, 153, 151, 157, 158, 152, 152, 158, 156, 150, 160, 154, 155, 161, 161, 155, 153, 159, 157, 163, 164, 158, 158, 164, 162, 156, 166, 160, 161, 167, 167, 161, 159, 165, 163, 169, 170, 164, 164, 170, 168, 162, 172, 166, 167, 173, 173, 167, 165, 171, 169, 175, 176, 170, 170, 176, 174, 168, 178, 172, 173, 179, 179, 173, 171, 177, 175, 181, 182, 176, 176, 182, 180, 174, 184, 178, 179, 185, 185, 179, 177, 183, 181, 187, 188, 182, 182, 188, 186, 180, 190, 184, 185, 191, 191, 185, 183, 189, 187, 193, 194, 188, 188, 194, 192, 186, 196, 190, 191, 197, 197, 191, 189, 195, 193, 199, 200, 194, 194, 200, 198, 192, 202, 196, 197, 203, 203, 197, 195, 201, 199, 205, 206, 200, 200, 206, 204, 198, 208, 202, 203, 209, 209, 203, 201, 207, 205, 211, 212, 206, 206, 212, 210, 204, 214, 208, 209, 215, 215, 209, 207, 213, 211, 217, 218, 212, 212, 218, 216, 210, 220, 214, 215, 221, 221, 215, 213, 219, 217, 223, 224, 218, 218, 224, 222, 216, 226, 220, 221, 227, 227, 221, 219, 225, 223, 229, 230, 224, 224, 230, 228, 222, 232, 226, 227, 233, 233, 227, 225, 231, 229, 235, 236, 230, 230, 236, 234, 228, 238, 232, 233, 239, 239, 233, 231, 237, 235, 241, 242, 236, 236, 242, 240, 234, 244, 238, 239, 245, 245, 239, 237, 243, 241, 247, 248, 242, 242, 248, 246, 240, 250, 244, 245, 251, 251, 245, 243, 249, 247, 253, 254, 248, 248, 254, 252, 246, 256, 250, 251, 257, 257, 251, 249, 255, 253, 259, 260, 254, 254, 260, 258, 252, 262, 256, 257, 263, 263, 257, 255, 261, 259, 265, 266, 260, 260, 266, 264, 258, 268, 262, 263, 269, 269, 263, 261, 267, 265, 271, 272, 266, 266, 272, 270, 264, 274, 268, 269, 275, 275, 269, 267, 273, 271, 277, 278, 272, 272, 278, 276, 270, 280, 274, 275, 281, 281, 275, 273, 279, 277, 283, 284, 278, 278, 284, 282, 276, 286, 280, 281, 287, 287, 281, 279, 285, 283, 1, 2, 284, 284, 2, 0, 282, 4, 286, 287, 5, 5, 287, 285, 3, 0, 6, 12, 18, 24, 30, 36, 42, 48, 54, 60, 66, 72, 78, 84, 90, 96, 102, 108, 114, 120, 126, 132, 138, 144, 150, 156, 162, 168, 174, 180, 186, 192, 198, 204, 210, 216, 222, 228, 234, 240, 246, 252, 258, 264, 270, 276, 282]
        rel material:binding = </LidarMount/Materials/window>
        uniform token physics:approximation = "convexHull"
        point3f[] points = [(0, 0.048227638, -0.036000013), (0, 0.05399999, -0.030240059), (0, 0.052309304, -0.034312963), (0, 0.048227638, 0.036000013), (0, 0.05399999, 0.030240059), (0, 0.052309304, 0.034312963), (0.0062949955, 0.047815055, -0.036000013), (0.007048428, 0.053538024, -0.030240059), (0.006827742, 0.051861793, -0.034312963), (0.0062949955, 0.047815055, 0.036000013), (0.007048428, 0.053538024, 0.030240059), (0.006827742, 0.051861793, 0.034312963), (0.012482226, 0.046584338, -0.036000013), (0.013976216, 0.052159995, -0.030240059), (0.013538629, 0.050526917, -0.034312963), (0.012482226, 0.046584338, 0.036000013), (0.013976216, 0.052159995, 0.030240059), (0.013538629, 0.050526917, 0.034312963), (0.018455923, 0.04455653, -0.036000013), (0.0206649, 0.049889505, -0.030240059), (0.020017922, 0.048327506, -0.034312963), (0.018455923, 0.04455653, 0.036000013), (0.0206649, 0.049889505, 0.030240059), (0.020017922, 0.048327506, 0.034312963), (0.024113834, 0.041766346, -0.036000013), (0.02700001, 0.046765387, -0.030240059), (0.026154667, 0.0453012, -0.034312963), (0.024113834, 0.041766346, 0.036000013), (0.02700001, 0.046765387, 0.030240059), (0.026154667, 0.0453012, 0.034312963), (0.029359102, 0.038261563, -0.036000013), (0.032873124, 0.042841077, -0.030240059), (0.0318439, 0.041499764, -0.034312963), (0.029359102, 0.038261563, 0.036000013), (0.032873124, 0.042841077, 0.030240059), (0.0318439, 0.041499764, 0.034312963), (0.034102082, 0.034102082, -0.036000013), (0.03818378, 0.03818378, -0.030240059), (0.03698826, 0.03698826, -0.034312963), (0.034102082, 0.034102082, 0.036000013), (0.03818378, 0.03818378, 0.030240059), (0.03698826, 0.03698826, 0.034312963), (0.038261563, 0.029359102, -0.036000013), (0.042841077, 0.032873124, -0.030240059), (0.041499764, 0.0318439, -0.034312963), (0.038261563, 0.029359102, 0.036000013), (0.042841077, 0.032873124, 0.030240059), (0.041499764, 0.0318439, 0.034312963), (0.041766346, 0.024113834, -0.036000013), (0.046765387, 0.02700001, -0.030240059), (0.0453012, 0.026154667, -0.034312963), (0.041766346, 0.024113834, 0.036000013), (0.046765387, 0.02700001, 0.030240059), (0.0453012, 0.026154667, 0.034312963), (0.04455653, 0.018455923, -0.036000013), (0.049889505, 0.0206649, -0.030240059), (0.048327506, 0.020017922, -0.034312963), (0.04455653, 0.018455923, 0.036000013), (0.049889505, 0.0206649, 0.030240059), (0.048327506, 0.020017922, 0.034312963), (0.046584338, 0.012482226, -0.036000013), (0.052159965, 0.013976216, -0.030240059), (0.050526917, 0.013538629, -0.034312963), (0.046584338, 0.012482226, 0.036000013), (0.052159965, 0.013976216, 0.030240059), (0.050526917, 0.013538629, 0.034312963), (0.047815055, 0.0062949955, -0.036000013), (0.053538024, 0.007048428, -0.030240059), (0.051861823, 0.006827742, -0.034312963), (0.047815055, 0.0062949955, 0.036000013), (0.053538024, 0.007048428, 0.030240059), (0.051861823, 0.006827742, 0.034312963), (0.048227638, 0, -0.036000013), (0.05400002, 0, -0.030240059), (0.052309334, 0, -0.034312963), (0.048227638, 0, 0.036000013), (0.05400002, 0, 0.030240059), (0.052309334, 0, 0.034312963), (0.047815055, -0.0062949955, -0.036000013), (0.053538024, -0.007048413, -0.030240059), (0.051861823, -0.006827742, -0.034312963), (0.047815055, -0.0062949955, 0.036000013), (0.053538024, -0.007048413, 0.030240059), (0.051861823, -0.006827742, 0.034312963), (0.046584338, -0.012482226, -0.036000013), (0.052159965, -0.013976231, -0.030240059), (0.050526917, -0.013538644, -0.034312963), (0.046584338, -0.012482226, 0.036000013), (0.052159965, -0.013976231, 0.030240059), (0.050526917, -0.013538644, 0.034312963), (0.04455653, -0.018455923, -0.036000013), (0.049889505, -0.0206649, -0.030240059), (0.048327506, -0.020017907, -0.034312963), (0.04455653, -0.018455923, 0.036000013), (0.049889505, -0.0206649, 0.030240059), (0.048327506, -0.020017907, 0.034312963), (0.041766346, -0.024113819, -0.036000013), (0.046765387, -0.026999995, -0.030240059), (0.0453012, -0.026154667, -0.034312963), (0.041766346, -0.024113819, 0.036000013), (0.046765387, -0.026999995, 0.030240059), (0.0453012, -0.026154667, 0.034312963), (0.038261563, -0.029359117, -0.036000013), (0.042841077, -0.032873124, -0.030240059), (0.041499764, -0.0318439, -0.034312963), (0.038261563, -0.029359117, 0.036000013), (0.042841077, -0.032873124, 0.030240059), (0.041499764, -0.0318439, 0.034312963), (0.034102082, -0.034102097, -0.036000013), (0.03818378, -0.038183764, -0.030240059), (0.03698826, -0.036988273, -0.034312963), (0.034102082, -0.034102097, 0.036000013), (0.03818378, -0.038183764, 0.030240059), (0.03698826, -0.036988273, 0.034312963), (0.029359102, -0.038261563, -0.036000013), (0.032873124, -0.042841077, -0.030240059), (0.0318439, -0.04149978, -0.034312963), (0.029359102, -0.038261563, 0.036000013), (0.032873124, -0.042841077, 0.030240059), (0.0318439, -0.04149978, 0.034312963), (0.024113834, -0.04176636, -0.036000013), (0.02700001, -0.046765372, -0.030240059), (0.026154667, -0.0453012, -0.034312963), (0.024113834, -0.04176636, 0.036000013), (0.02700001, -0.046765372, 0.030240059), (0.026154667, -0.0453012, 0.034312963), (0.018455923, -0.04455653, -0.036000013), (0.0206649, -0.04988949, -0.030240059), (0.020017922, -0.048327506, -0.034312963), (0.018455923, -0.04455653, 0.036000013), (0.0206649, -0.04988949, 0.030240059), (0.020017922, -0.048327506, 0.034312963), (0.012482226, -0.046584323, -0.036000013), (0.013976216, -0.052159995, -0.030240059), (0.013538629, -0.050526917, -0.034312963), (0.012482226, -0.046584323, 0.036000013), (0.013976216, -0.052159995, 0.030240059), (0.013538629, -0.050526917, 0.034312963), (0.0062949955, -0.047815055, -0.036000013), (0.007048428, -0.053538024, -0.030240059), (0.006827742, -0.051861808, -0.034312963), (0.0062949955, -0.047815055, 0.036000013), (0.007048428, -0.053538024, 0.030240059), (0.006827742, -0.051861808, 0.034312963), (0, -0.048227638, -0.036000013), (0, -0.054000005, -0.030240059), (0, -0.05230932, -0.034312963), (0, -0.048227638, 0.036000013), (0, -0.054000005, 0.030240059), (0, -0.05230932, 0.034312963), (-0.0062949955, -0.047815055, -0.036000013), (-0.007048428, -0.053538024, -0.030240059), (-0.006827742, -0.051861808, -0.034312963), (-0.0062949955, -0.047815055, 0.036000013), (-0.007048428, -0.053538024, 0.030240059), (-0.006827742, -0.051861808, 0.034312963), (-0.012482226, -0.046584323, -0.036000013), (-0.013976216, -0.052159995, -0.030240059), (-0.013538629, -0.050526917, -0.034312963), (-0.012482226, -0.046584323, 0.036000013), (-0.013976216, -0.052159995, 0.030240059), (-0.013538629, -0.050526917, 0.034312963), (-0.018455923, -0.04455653, -0.036000013), (-0.0206649, -0.04988949, -0.030240059), (-0.020017922, -0.048327506, -0.034312963), (-0.018455923, -0.04455653, 0.036000013), (-0.0206649, -0.04988949, 0.030240059), (-0.020017922, -0.048327506, 0.034312963), (-0.024113834, -0.04176636, -0.036000013), (-0.02700001, -0.046765372, -0.030240059), (-0.026154667, -0.0453012, -0.034312963), (-0.024113834, -0.04176636, 0.036000013), (-0.02700001, -0.046765372, 0.030240059), (-0.026154667, -0.0453012, 0.034312963), (-0.029359102, -0.038261563, -0.036000013), (-0.032873124, -0.042841077, -0.030240059), (-0.0318439, -0.04149978, -0.034312963), (-0.029359102, -0.038261563, 0.036000013), (-0.032873124, -0.042841077, 0.030240059), (-0.0318439, -0.04149978, 0.034312963), (-0.034102082, -0.034102097, -0.036000013), (-0.03818378, -0.038183764, -0.030240059), (-0.03698826, -0.036988273, -0.034312963), (-0.034102082, -0.034102097, 0.036000013), (-0.03818378, -0.038183764, 0.030240059), (-0.03698826, -0.036988273, 0.034312963), (-0.038261563, -0.029359117, -0.036000013), (-0.042841077, -0.032873124, -0.030240059), (-0.041499764, -0.0318439, -0.034312963), (-0.038261563, -0.029359117, 0.036000013), (-0.042841077, -0.032873124, 0.030240059), (-0.041499764, -0.0318439, 0.034312963), (-0.041766346, -0.024113819, -0.036000013), (-0.046765387, -0.026999995, -0.030240059), (-0.0453012, -0.026154667, -0.034312963), (-0.041766346, -0.024113819, 0.036000013), (-0.046765387, -0.026999995, 0.030240059), (-0.0453012, -0.026154667, 0.034312963), (-0.04455653, -0.018455923, -0.036000013), (-0.049889505, -0.0206649, -0.030240059), (-0.048327506, -0.020017907, -0.034312963), (-0.04455653, -0.018455923, 0.036000013), (-0.049889505, -0.0206649, 0.030240059), (-0.048327506, -0.020017907, 0.034312963), (-0.046584338, -0.012482226, -0.036000013), (-0.052159995, -0.013976231, -0.030240059), (-0.050526917, -0.013538644, -0.034312963), (-0.046584338, -0.012482226, 0.036000013), (-0.052159995, -0.013976231, 0.030240059), (-0.050526917, -0.013538644, 0.034312963), (-0.047815055, -0.0062949955, -0.036000013), (-0.053538024, -0.007048413, -0.030240059), (-0.051861793, -0.006827742, -0.034312963), (-0.047815055, -0.0062949955, 0.036000013), (-0.053538024, -0.007048413, 0.030240059), (-0.051861793, -0.006827742, 0.034312963), (-0.048227638, 0, -0.036000013), (-0.05399999, 0, -0.030240059), (-0.052309304, 0, -0.034312963), (-0.048227638, 0, 0.036000013), (-0.05399999, 0, 0.030240059), (-0.052309304, 0, 0.034312963), (-0.047815055, 0.0062949955, -0.036000013), (-0.053538024, 0.007048428, -0.030240059), (-0.051861793, 0.006827742, -0.034312963), (-0.047815055, 0.0062949955, 0.036000013), (-0.053538024, 0.007048428, 0.030240059), (-0.051861793, 0.006827742, 0.034312963), (-0.046584338, 0.012482226, -0.036000013), (-0.052159995, 0.013976216, -0.030240059), (-0.050526917, 0.013538629, -0.034312963), (-0.046584338, 0.012482226, 0.036000013), (-0.052159995, 0.013976216, 0.030240059), (-0.050526917, 0.013538629, 0.034312963), (-0.04455653, 0.018455923, -0.036000013), (-0.049889505, 0.0206649, -0.030240059), (-0.048327506, 0.020017922, -0.034312963), (-0.04455653, 0.018455923, 0.036000013), (-0.049889505, 0.0206649, 0.030240059), (-0.048327506, 0.020017922, 0.034312963), (-0.041766346, 0.024113834, -0.036000013), (-0.046765387, 0.02700001, -0.030240059), (-0.0453012, 0.026154667, -0.034312963), (-0.041766346, 0.024113834, 0.036000013), (-0.046765387, 0.02700001, 0.030240059), (-0.0453012, 0.026154667, 0.034312963), (-0.038261563, 0.029359102, -0.036000013), (-0.042841077, 0.032873124, -0.030240059), (-0.041499764, 0.0318439, -0.034312963), (-0.038261563, 0.029359102, 0.036000013), (-0.042841077, 0.032873124, 0.030240059), (-0.041499764, 0.0318439, 0.034312963), (-0.034102082, 0.034102082, -0.036000013), (-0.03818378, 0.03818378, -0.030240059), (-0.03698826, 0.03698826, -0.034312963), (-0.034102082, 0.034102082, 0.036000013), (-0.03818378, 0.03818378, 0.030240059), (-0.03698826, 0.03698826, 0.034312963), (-0.029359102, 0.038261563, -0.036000013), (-0.032873124, 0.042841077, -0.030240059), (-0.0318439, 0.041499764, -0.034312963), (-0.029359102, 0.038261563, 0.036000013), (-0.032873124, 0.042841077, 0.030240059), (-0.0318439, 0.041499764, 0.034312963), (-0.024113834, 0.041766346, -0.036000013), (-0.02700001, 0.046765387, -0.030240059), (-0.026154667, 0.0453012, -0.034312963), (-0.024113834, 0.041766346, 0.036000013), (-0.02700001, 0.046765387, 0.030240059), (-0.026154667, 0.0453012, 0.034312963), (-0.018455923, 0.04455653, -0.036000013), (-0.0206649, 0.049889505, -0.030240059), (-0.020017922, 0.048327506, -0.034312963), (-0.018455923, 0.04455653, 0.036000013), (-0.0206649, 0.049889505, 0.030240059), (-0.020017922, 0.048327506, 0.034312963), (-0.012482226, 0.046584338, -0.036000013), (-0.013976216, 0.052159995, -0.030240059), (-0.013538629, 0.050526917, -0.034312963), (-0.012482226, 0.046584338, 0.036000013), (-0.013976216, 0.052159995, 0.030240059), (-0.013538629, 0.050526917, 0.034312963), (-0.0062949955, 0.047815055, -0.036000013), (-0.007048428, 0.053538024, -0.030240059), (-0.006827742, 0.051861793, -0.034312963), (-0.0062949955, 0.047815055, 0.036000013), (-0.007048428, 0.053538024, 0.030240059), (-0.006827742, 0.051861793, 0.034312963)]
        uniform token subdivisionScheme = "none"
    }

    def Mesh "Top_cap_001" (
        prepend apiSchemas = ["MaterialBindingAPI", "PhysicsCollisionAPI", "PhysicsMeshCollisionAPI"]
    )
    {
        float3[] extent = [(-0.05950001, -0.05950001, 0.036000013), (0.05949998, 0.05950001, 0.055999994)]
        int[] faceVertexCounts = [4, 4, 4, 4, 4, 4, 4, 4, 4, 4, 4, 4, 4, 4, 4, 4, 4, 4, 4, 4, 4, 4, 4, 4, 4, 4, 4, 4, 4, 4, 4, 4, 4, 4, 4, 4, 4, 4, 4, 4, 4, 4, 4, 4, 4, 4, 4, 48, 4, 4, 4, 4, 4, 4, 4, 4, 4, 4, 4, 4, 4, 4, 4, 4, 4, 4, 4, 4, 4, 4, 4, 4, 4, 4, 4, 4, 4, 4, 4, 4, 4, 4, 4, 4, 4, 4, 4, 4, 4, 4, 4, 4, 4, 4, 4, 4, 4, 4, 4, 4, 4, 4, 4, 4, 4, 4, 4, 4, 4, 4, 4, 4, 4, 4, 4, 4, 4, 4, 4, 4, 4, 4, 4, 4, 4, 4, 4, 4, 4, 4, 4, 4, 4, 4, 4, 4, 4, 4, 4, 4, 4, 4, 4, 4, 4, 4, 4, 4, 4, 4, 4, 4, 4, 4, 4, 4, 4, 4, 4, 4, 4, 4, 4, 4, 4, 4, 4, 4, 4, 4, 4, 4, 4, 4, 4, 4, 4, 4, 4, 4, 4, 4, 4, 4, 4, 4, 4, 4, 4, 4, 4, 4, 4, 4, 4, 4, 4, 4, 4, 4, 4, 4, 4, 4, 4, 4, 4, 4, 4, 4, 4, 4, 4, 4, 4, 4, 4, 4, 4, 4, 4, 4, 4, 4, 4, 4, 4, 4, 4, 4, 4, 4, 4, 4, 4, 4, 4, 4, 4, 4, 4, 48]
        int[] faceVertexIndices = [283, 286, 4, 1, 13, 16, 22, 19, 19, 22, 28, 25, 25, 28, 34, 31, 31, 34, 40, 37, 37, 40, 46, 43, 43, 46, 52, 49, 49, 52, 58, 55, 55, 58, 64, 61, 61, 64, 70, 67, 67, 70, 76, 73, 73, 76, 82, 79, 79, 82, 88, 85, 85, 88, 94, 91, 91, 94, 100, 97, 97, 100, 106, 103, 103, 106, 112, 109, 109, 112, 118, 115, 115, 118, 124, 121, 121, 124, 130, 127, 127, 130, 136, 133, 133, 136, 142, 139, 139, 142, 148, 145, 145, 148, 154, 151, 151, 154, 160, 157, 157, 160, 166, 163, 163, 166, 172, 169, 169, 172, 178, 175, 175, 178, 184, 181, 181, 184, 190, 187, 187, 190, 196, 193, 193, 196, 202, 199, 199, 202, 208, 205, 205, 208, 214, 211, 211, 214, 220, 217, 217, 220, 226, 223, 223, 226, 232, 229, 229, 232, 238, 235, 235, 238, 244, 241, 241, 244, 250, 247, 247, 250, 256, 253, 253, 256, 262, 259, 259, 262, 268, 265, 265, 268, 274, 271, 271, 274, 280, 277, 277, 280, 286, 283, 7, 10, 16, 13, 9, 3, 285, 279, 273, 267, 261, 255, 249, 243, 237, 231, 225, 219, 213, 207, 201, 195, 189, 183, 177, 171, 165, 159, 153, 147, 141, 135, 129, 123, 117, 111, 105, 99, 93, 87, 81, 75, 69, 63, 57, 51, 45, 39, 33, 27, 21, 15, 1, 4, 10, 7, 1, 7, 8, 2, 2, 8, 6, 0, 10, 4, 5, 11, 11, 5, 3, 9, 7, 13, 14, 8, 8, 14, 12, 6, 16, 10, 11, 17, 17, 11, 9, 15, 13, 19, 20, 14, 14, 20, 18, 12, 22, 16, 17, 23, 23, 17, 15, 21, 19, 25, 26, 20, 20, 26, 24, 18, 28, 22, 23, 29, 29, 23, 21, 27, 25, 31, 32, 26, 26, 32, 30, 24, 34, 28, 29, 35, 35, 29, 27, 33, 31, 37, 38, 32, 32, 38, 36, 30, 40, 34, 35, 41, 41, 35, 33, 39, 37, 43, 44, 38, 38, 44, 42, 36, 46, 40, 41, 47, 47, 41, 39, 45, 43, 49, 50, 44, 44, 50, 48, 42, 52, 46, 47, 53, 53, 47, 45, 51, 49, 55, 56, 50, 50, 56, 54, 48, 58, 52, 53, 59, 59, 53, 51, 57, 55, 61, 62, 56, 56, 62, 60, 54, 64, 58, 59, 65, 65, 59, 57, 63, 61, 67, 68, 62, 62, 68, 66, 60, 70, 64, 65, 71, 71, 65, 63, 69, 67, 73, 74, 68, 68, 74, 72, 66, 76, 70, 71, 77, 77, 71, 69, 75, 73, 79, 80, 74, 74, 80, 78, 72, 82, 76, 77, 83, 83, 77, 75, 81, 79, 85, 86, 80, 80, 86, 84, 78, 88, 82, 83, 89, 89, 83, 81, 87, 85, 91, 92, 86, 86, 92, 90, 84, 94, 88, 89, 95, 95, 89, 87, 93, 91, 97, 98, 92, 92, 98, 96, 90, 100, 94, 95, 101, 101, 95, 93, 99, 97, 103, 104, 98, 98, 104, 102, 96, 106, 100, 101, 107, 107, 101, 99, 105, 103, 109, 110, 104, 104, 110, 108, 102, 112, 106, 107, 113, 113, 107, 105, 111, 109, 115, 116, 110, 110, 116, 114, 108, 118, 112, 113, 119, 119, 113, 111, 117, 115, 121, 122, 116, 116, 122, 120, 114, 124, 118, 119, 125, 125, 119, 117, 123, 121, 127, 128, 122, 122, 128, 126, 120, 130, 124, 125, 131, 131, 125, 123, 129, 127, 133, 134, 128, 128, 134, 132, 126, 136, 130, 131, 137, 137, 131, 129, 135, 133, 139, 140, 134, 134, 140, 138, 132, 142, 136, 137, 143, 143, 137, 135, 141, 139, 145, 146, 140, 140, 146, 144, 138, 148, 142, 143, 149, 149, 143, 141, 147, 145, 151, 152, 146, 146, 152, 150, 144, 154, 148, 149, 155, 155, 149, 147, 153, 151, 157, 158, 152, 152, 158, 156, 150, 160, 154, 155, 161, 161, 155, 153, 159, 157, 163, 164, 158, 158, 164, 162, 156, 166, 160, 161, 167, 167, 161, 159, 165, 163, 169, 170, 164, 164, 170, 168, 162, 172, 166, 167, 173, 173, 167, 165, 171, 169, 175, 176, 170, 170, 176, 174, 168, 178, 172, 173, 179, 179, 173, 171, 177, 175, 181, 182, 176, 176, 182, 180, 174, 184, 178, 179, 185, 185, 179, 177, 183, 181, 187, 188, 182, 182, 188, 186, 180, 190, 184, 185, 191, 191, 185, 183, 189, 187, 193, 194, 188, 188, 194, 192, 186, 196, 190, 191, 197, 197, 191, 189, 195, 193, 199, 200, 194, 194, 200, 198, 192, 202, 196, 197, 203, 203, 197, 195, 201, 199, 205, 206, 200, 200, 206, 204, 198, 208, 202, 203, 209, 209, 203, 201, 207, 205, 211, 212, 206, 206, 212, 210, 204, 214, 208, 209, 215, 215, 209, 207, 213, 211, 217, 218, 212, 212, 218, 216, 210, 220, 214, 215, 221, 221, 215, 213, 219, 217, 223, 224, 218, 218, 224, 222, 216, 226, 220, 221, 227, 227, 221, 219, 225, 223, 229, 230, 224, 224, 230, 228, 222, 232, 226, 227, 233, 233, 227, 225, 231, 229, 235, 236, 230, 230, 236, 234, 228, 238, 232, 233, 239, 239, 233, 231, 237, 235, 241, 242, 236, 236, 242, 240, 234, 244, 238, 239, 245, 245, 239, 237, 243, 241, 247, 248, 242, 242, 248, 246, 240, 250, 244, 245, 251, 251, 245, 243, 249, 247, 253, 254, 248, 248, 254, 252, 246, 256, 250, 251, 257, 257, 251, 249, 255, 253, 259, 260, 254, 254, 260, 258, 252, 262, 256, 257, 263, 263, 257, 255, 261, 259, 265, 266, 260, 260, 266, 264, 258, 268, 262, 263, 269, 269, 263, 261, 267, 265, 271, 272, 266, 266, 272, 270, 264, 274, 268, 269, 275, 275, 269, 267, 273, 271, 277, 278, 272, 272, 278, 276, 270, 280, 274, 275, 281, 281, 275, 273, 279, 277, 283, 284, 278, 278, 284, 282, 276, 286, 280, 281, 287, 287, 281, 279, 285, 283, 1, 2, 284, 284, 2, 0, 282, 4, 286, 287, 5, 5, 287, 285, 3, 0, 6, 12, 18, 24, 30, 36, 42, 48, 54, 60, 66, 72, 78, 84, 90, 96, 102, 108, 114, 120, 126, 132, 138, 144, 150, 156, 162, 168, 174, 180, 186, 192, 198, 204, 210, 216, 222, 228, 234, 240, 246, 252, 258, 264, 270, 276, 282]
        rel material:binding = </LidarMount/Materials/white>
        uniform token physics:approximation = "convexHull"
        point3f[] points = [(0, 0.057896554, 0.036000013), (0, 0.05950001, 0.03760004), (0, 0.059030354, 0.036468744), (0, 0.057896554, 0.055999994), (0, 0.05950001, 0.054399967), (0, 0.059030354, 0.055531263), (0.0075570047, 0.05740124, 0.036000013), (0.0077663064, 0.058990955, 0.03760004), (0.007705003, 0.058525354, 0.036468744), (0.0075570047, 0.05740124, 0.055999994), (0.0077663064, 0.058990955, 0.054399967), (0.007705003, 0.058525354, 0.055531263), (0.014984757, 0.05592379, 0.036000013), (0.015399724, 0.057472587, 0.03760004), (0.01527819, 0.057018965, 0.036468744), (0.014984757, 0.05592379, 0.055999994), (0.015399724, 0.057472587, 0.054399967), (0.01527819, 0.057018965, 0.055531263), (0.02215606, 0.053489447, 0.036000013), (0.02276966, 0.05497083, 0.03760004), (0.022589952, 0.05453694, 0.036468744), (0.02215606, 0.053489447, 0.055999994), (0.02276966, 0.05497083, 0.054399967), (0.022589952, 0.05453694, 0.055531263), (0.028948307, 0.050139904, 0.036000013), (0.02974999, 0.051528513, 0.03760004), (0.029515177, 0.0511218, 0.036468744), (0.028948307, 0.050139904, 0.055999994), (0.02974999, 0.051528513, 0.054399967), (0.029515177, 0.0511218, 0.055531263), (0.03524518, 0.045932442, 0.036000013), (0.036221296, 0.047204524, 0.03760004), (0.035935402, 0.046831936, 0.036468744), (0.03524518, 0.045932442, 0.055999994), (0.036221296, 0.047204524, 0.054399967), (0.035935402, 0.046831936, 0.055531263), (0.040939063, 0.040939063, 0.036000013), (0.042072862, 0.042072862, 0.03760004), (0.041740775, 0.041740775, 0.036468744), (0.040939063, 0.040939063, 0.055999994), (0.042072862, 0.042072862, 0.054399967), (0.041740775, 0.041740775, 0.055531263), (0.045932442, 0.03524518, 0.036000013), (0.047204524, 0.036221296, 0.03760004), (0.046831936, 0.035935402, 0.036468744), (0.045932442, 0.03524518, 0.055999994), (0.047204524, 0.036221296, 0.054399967), (0.046831936, 0.035935402, 0.055531263), (0.050139904, 0.028948307, 0.036000013), (0.051528513, 0.02974999, 0.03760004), (0.05112177, 0.029515177, 0.036468744), (0.050139904, 0.028948307, 0.055999994), (0.051528513, 0.02974999, 0.054399967), (0.05112177, 0.029515177, 0.055531263), (0.053489447, 0.02215606, 0.036000013), (0.0549708, 0.02276966, 0.03760004), (0.05453694, 0.022589952, 0.036468744), (0.053489447, 0.02215606, 0.055999994), (0.0549708, 0.02276966, 0.054399967), (0.05453694, 0.022589952, 0.055531263), (0.05592376, 0.014984757, 0.036000013), (0.057472587, 0.015399724, 0.03760004), (0.057018936, 0.01527819, 0.036468744), (0.05592376, 0.014984757, 0.055999994), (0.057472587, 0.015399724, 0.054399967), (0.057018936, 0.01527819, 0.055531263), (0.05740124, 0.0075570047, 0.036000013), (0.058990955, 0.0077663064, 0.03760004), (0.058525383, 0.007705003, 0.036468744), (0.05740124, 0.0075570047, 0.055999994), (0.058990955, 0.0077663064, 0.054399967), (0.058525383, 0.007705003, 0.055531263), (0.057896554, 0, 0.036000013), (0.05949998, 0, 0.03760004), (0.059030354, 0, 0.036468744), (0.057896554, 0, 0.055999994), (0.05949998, 0, 0.054399967), (0.059030354, 0, 0.055531263), (0.05740124, -0.0075570196, 0.036000013), (0.058990955, -0.0077663064, 0.03760004), (0.058525383, -0.007705003, 0.036468744), (0.05740124, -0.0075570196, 0.055999994), (0.058990955, -0.0077663064, 0.054399967), (0.058525383, -0.007705003, 0.055531263), (0.05592376, -0.014984742, 0.036000013), (0.057472587, -0.015399739, 0.03760004), (0.057018936, -0.01527819, 0.036468744), (0.05592376, -0.014984742, 0.055999994), (0.057472587, -0.015399739, 0.054399967), (0.057018936, -0.01527819, 0.055531263), (0.053489447, -0.022156045, 0.036000013), (0.0549708, -0.02276966, 0.03760004), (0.05453694, -0.022589937, 0.036468744), (0.053489447, -0.022156045, 0.055999994), (0.0549708, -0.02276966, 0.054399967), (0.05453694, -0.022589937, 0.055531263), (0.050139904, -0.028948292, 0.036000013), (0.051528513, -0.029750004, 0.03760004), (0.05112177, -0.029515177, 0.036468744), (0.050139904, -0.028948292, 0.055999994), (0.051528513, -0.029750004, 0.054399967), (0.05112177, -0.029515177, 0.055531263), (0.045932442, -0.03524518, 0.036000013), (0.047204524, -0.03622131, 0.03760004), (0.046831936, -0.035935402, 0.036468744), (0.045932442, -0.03524518, 0.055999994), (0.047204524, -0.03622131, 0.054399967), (0.046831936, -0.035935402, 0.055531263), (0.040939063, -0.040939063, 0.036000013), (0.042072862, -0.042072862, 0.03760004), (0.041740775, -0.041740775, 0.036468744), (0.040939063, -0.040939063, 0.055999994), (0.042072862, -0.042072862, 0.054399967), (0.041740775, -0.041740775, 0.055531263), (0.03524518, -0.045932442, 0.036000013), (0.036221296, -0.047204524, 0.03760004), (0.035935402, -0.046831936, 0.036468744), (0.03524518, -0.045932442, 0.055999994), (0.036221296, -0.047204524, 0.054399967), (0.035935402, -0.046831936, 0.055531263), (0.028948307, -0.05013989, 0.036000013), (0.02974999, -0.051528513, 0.03760004), (0.029515177, -0.0511218, 0.036468744), (0.028948307, -0.05013989, 0.055999994), (0.02974999, -0.051528513, 0.054399967), (0.029515177, -0.0511218, 0.055531263), (0.02215606, -0.053489447, 0.036000013), (0.02276966, -0.05497083, 0.03760004), (0.022589952, -0.05453694, 0.036468744), (0.02215606, -0.053489447, 0.055999994), (0.02276966, -0.05497083, 0.054399967), (0.022589952, -0.05453694, 0.055531263), (0.014984757, -0.05592379, 0.036000013), (0.015399724, -0.057472587, 0.03760004), (0.01527819, -0.057018965, 0.036468744), (0.014984757, -0.05592379, 0.055999994), (0.015399724, -0.057472587, 0.054399967), (0.01527819, -0.057018965, 0.055531263), (0.0075570047, -0.057401255, 0.036000013), (0.0077663064, -0.05899097, 0.03760004), (0.007705003, -0.058525354, 0.036468744), (0.0075570047, -0.057401255, 0.055999994), (0.0077663064, -0.05899097, 0.054399967), (0.007705003, -0.058525354, 0.055531263), (0, -0.05789657, 0.036000013), (0, -0.05950001, 0.03760004), (0, -0.05903037, 0.036468744), (0, -0.05789657, 0.055999994), (0, -0.05950001, 0.054399967), (0, -0.05903037, 0.055531263), (-0.0075570047, -0.057401255, 0.036000013), (-0.0077663064, -0.05899097, 0.03760004), (-0.007705003, -0.058525354, 0.036468744), (-0.0075570047, -0.057401255, 0.055999994), (-0.0077663064, -0.05899097, 0.054399967), (-0.007705003, -0.058525354, 0.055531263), (-0.014984757, -0.05592379, 0.036000013), (-0.015399724, -0.057472587, 0.03760004), (-0.01527819, -0.057018965, 0.036468744), (-0.014984757, -0.05592379, 0.055999994), (-0.015399724, -0.057472587, 0.054399967), (-0.01527819, -0.057018965, 0.055531263), (-0.02215606, -0.053489447, 0.036000013), (-0.02276966, -0.05497083, 0.03760004), (-0.022589952, -0.05453694, 0.036468744), (-0.02215606, -0.053489447, 0.055999994), (-0.02276966, -0.05497083, 0.054399967), (-0.022589952, -0.05453694, 0.055531263), (-0.028948307, -0.05013989, 0.036000013), (-0.02974999, -0.051528513, 0.03760004), (-0.029515177, -0.0511218, 0.036468744), (-0.028948307, -0.05013989, 0.055999994), (-0.02974999, -0.051528513, 0.054399967), (-0.029515177, -0.0511218, 0.055531263), (-0.03524518, -0.045932442, 0.036000013), (-0.036221296, -0.047204524, 0.03760004), (-0.035935402, -0.046831936, 0.036468744), (-0.03524518, -0.045932442, 0.055999994), (-0.036221296, -0.047204524, 0.054399967), (-0.035935402, -0.046831936, 0.055531263), (-0.040939063, -0.040939063, 0.036000013), (-0.042072862, -0.042072862, 0.03760004), (-0.041740775, -0.041740775, 0.036468744), (-0.040939063, -0.040939063, 0.055999994), (-0.042072862, -0.042072862, 0.054399967), (-0.041740775, -0.041740775, 0.055531263), (-0.045932442, -0.03524518, 0.036000013), (-0.047204524, -0.03622131, 0.03760004), (-0.046831936, -0.035935402, 0.036468744), (-0.045932442, -0.03524518, 0.055999994), (-0.047204524, -0.03622131, 0.054399967), (-0.046831936, -0.035935402, 0.055531263), (-0.050139904, -0.028948292, 0.036000013), (-0.051528513, -0.029750004, 0.03760004), (-0.0511218, -0.029515177, 0.036468744), (-0.050139904, -0.028948292, 0.055999994), (-0.051528513, -0.029750004, 0.054399967), (-0.0511218, -0.029515177, 0.055531263), (-0.053489447, -0.022156045, 0.036000013), (-0.05497083, -0.02276966, 0.03760004), (-0.05453694, -0.022589937, 0.036468744), (-0.053489447, -0.022156045, 0.055999994), (-0.05497083, -0.02276966, 0.054399967), (-0.05453694, -0.022589937, 0.055531263), (-0.05592379, -0.014984742, 0.036000013), (-0.057472587, -0.015399739, 0.03760004), (-0.057018965, -0.01527819, 0.036468744), (-0.05592379, -0.014984742, 0.055999994), (-0.057472587, -0.015399739, 0.054399967), (-0.057018965, -0.01527819, 0.055531263), (-0.05740124, -0.0075570196, 0.036000013), (-0.058990955, -0.0077663064, 0.03760004), (-0.058525354, -0.007705003, 0.036468744), (-0.05740124, -0.0075570196, 0.055999994), (-0.058990955, -0.0077663064, 0.054399967), (-0.058525354, -0.007705003, 0.055531263), (-0.057896554, 0, 0.036000013), (-0.05950001, 0, 0.03760004), (-0.059030354, 0, 0.036468744), (-0.057896554, 0, 0.055999994), (-0.05950001, 0, 0.054399967), (-0.059030354, 0, 0.055531263), (-0.05740124, 0.0075570047, 0.036000013), (-0.058990955, 0.0077663064, 0.03760004), (-0.058525354, 0.007705003, 0.036468744), (-0.05740124, 0.0075570047, 0.055999994), (-0.058990955, 0.0077663064, 0.054399967), (-0.058525354, 0.007705003, 0.055531263), (-0.05592379, 0.014984757, 0.036000013), (-0.057472587, 0.015399724, 0.03760004), (-0.057018965, 0.01527819, 0.036468744), (-0.05592379, 0.014984757, 0.055999994), (-0.057472587, 0.015399724, 0.054399967), (-0.057018965, 0.01527819, 0.055531263), (-0.053489447, 0.02215606, 0.036000013), (-0.05497083, 0.02276966, 0.03760004), (-0.05453694, 0.022589952, 0.036468744), (-0.053489447, 0.02215606, 0.055999994), (-0.05497083, 0.02276966, 0.054399967), (-0.05453694, 0.022589952, 0.055531263), (-0.050139904, 0.028948307, 0.036000013), (-0.051528513, 0.02974999, 0.03760004), (-0.0511218, 0.029515177, 0.036468744), (-0.050139904, 0.028948307, 0.055999994), (-0.051528513, 0.02974999, 0.054399967), (-0.0511218, 0.029515177, 0.055531263), (-0.045932442, 0.03524518, 0.036000013), (-0.047204524, 0.036221296, 0.03760004), (-0.046831936, 0.035935402, 0.036468744), (-0.045932442, 0.03524518, 0.055999994), (-0.047204524, 0.036221296, 0.054399967), (-0.046831936, 0.035935402, 0.055531263), (-0.040939063, 0.040939063, 0.036000013), (-0.042072862, 0.042072862, 0.03760004), (-0.041740775, 0.041740775, 0.036468744), (-0.040939063, 0.040939063, 0.055999994), (-0.042072862, 0.042072862, 0.054399967), (-0.041740775, 0.041740775, 0.055531263), (-0.03524518, 0.045932442, 0.036000013), (-0.036221296, 0.047204524, 0.03760004), (-0.035935402, 0.046831936, 0.036468744), (-0.03524518, 0.045932442, 0.055999994), (-0.036221296, 0.047204524, 0.054399967), (-0.035935402, 0.046831936, 0.055531263), (-0.028948307, 0.050139904, 0.036000013), (-0.02974999, 0.051528513, 0.03760004), (-0.029515177, 0.0511218, 0.036468744), (-0.028948307, 0.050139904, 0.055999994), (-0.02974999, 0.051528513, 0.054399967), (-0.029515177, 0.0511218, 0.055531263), (-0.02215606, 0.053489447, 0.036000013), (-0.02276966, 0.05497083, 0.03760004), (-0.022589952, 0.05453694, 0.036468744), (-0.02215606, 0.053489447, 0.055999994), (-0.02276966, 0.05497083, 0.054399967), (-0.022589952, 0.05453694, 0.055531263), (-0.014984757, 0.05592379, 0.036000013), (-0.015399724, 0.057472587, 0.03760004), (-0.01527819, 0.057018965, 0.036468744), (-0.014984757, 0.05592379, 0.055999994), (-0.015399724, 0.057472587, 0.054399967), (-0.01527819, 0.057018965, 0.055531263), (-0.0075570047, 0.05740124, 0.036000013), (-0.0077663064, 0.058990955, 0.03760004), (-0.007705003, 0.058525354, 0.036468744), (-0.0075570047, 0.05740124, 0.055999994), (-0.0077663064, 0.058990955, 0.054399967), (-0.007705003, 0.058525354, 0.055531263)]
        uniform token subdivisionScheme = "none"
    }

    def Mesh "Gusset_0" (
        prepend apiSchemas = ["MaterialBindingAPI", "PhysicsCollisionAPI", "PhysicsMeshCollisionAPI"]
    )
    {
        float3[] extent = [(-0.0909515, -0.0069999993, -1.0557717), (0.008951485, 0.0069999993, -0.8334683)]
        int[] faceVertexCounts = [4, 4, 4, 4, 4, 4, 4, 4, 4, 4, 4, 4, 4, 4, 4, 4, 4, 4, 4, 4, 4, 4, 4, 4, 4, 4, 4, 4, 4, 4, 4, 4, 4, 4, 4, 4, 4, 4, 4, 4, 4, 4, 4, 4, 4, 4, 4, 4, 4, 4, 4, 4, 4, 4]
        int[] faceVertexIndices = [30, 36, 7, 1, 44, 50, 37, 29, 49, 21, 8, 35, 2, 9, 23, 15, 16, 22, 51, 43, 0, 3, 4, 6, 1, 5, 4, 3, 2, 6, 4, 5, 7, 10, 11, 13, 8, 12, 11, 10, 9, 13, 11, 12, 14, 17, 18, 20, 15, 19, 18, 17, 16, 20, 18, 19, 21, 24, 25, 27, 22, 26, 25, 24, 23, 27, 25, 26, 28, 31, 32, 34, 29, 33, 32, 31, 30, 34, 32, 33, 35, 38, 39, 41, 36, 40, 39, 38, 37, 41, 39, 40, 42, 45, 46, 48, 43, 47, 46, 45, 44, 48, 46, 47, 49, 52, 53, 55, 50, 54, 53, 52, 51, 55, 53, 54, 14, 0, 6, 17, 17, 6, 2, 15, 1, 7, 13, 5, 5, 13, 9, 2, 8, 21, 27, 12, 12, 27, 23, 9, 22, 16, 19, 26, 26, 19, 15, 23, 42, 14, 20, 45, 45, 20, 16, 43, 21, 49, 55, 24, 24, 55, 51, 22, 50, 44, 47, 54, 54, 47, 43, 51, 28, 42, 48, 31, 31, 48, 44, 29, 49, 35, 41, 52, 52, 41, 37, 50, 36, 30, 33, 40, 40, 33, 29, 37, 0, 28, 34, 3, 3, 34, 30, 1, 35, 8, 10, 38, 38, 10, 7, 36, 14, 42, 28, 0]
        rel material:binding = </LidarMount/Materials/metal>
        uniform token physics:approximation = "convexHull"
        point3f[] points = [(-0.0736981, -0.005879998, -1.0557717), (-0.072253525, -0.005879998, -1.0551221), (-0.0733006, -0.0069999993, -1.0547246), (-0.07284129, -0.005879998, -1.0557461), (-0.07292557, -0.006526634, -1.0555587), (-0.07256022, -0.006671965, -1.0550057), (-0.073581696, -0.006671965, -1.055465), (0.008951485, -0.005879998, -0.8412162), (0.008301884, -0.005879998, -0.8397716), (0.007904381, -0.0069999993, -0.84081876), (0.008925885, -0.005879998, -0.84035933), (0.008738428, -0.006526634, -0.8404436), (0.008185476, -0.00667195, -0.84007835), (0.008644789, -0.00667195, -0.84109974), (-0.0903019, -0.005879998, -1.0494684), (-0.0899044, -0.0069999993, -1.0484213), (-0.0909515, -0.005879998, -1.0480238), (-0.09018549, -0.006671965, -1.0491617), (-0.090738446, -0.006526634, -1.0487964), (-0.09064481, -0.006671965, -1.0481403), (-0.09092587, -0.005879998, -1.0488807), (-0.008301914, -0.005879998, -0.8334683), (-0.009746492, -0.005879998, -0.8341179), (-0.008699417, -0.0069999993, -0.83451545), (-0.0091587305, -0.005879998, -0.83349395), (-0.00907445, -0.006526634, -0.83368134), (-0.009439796, -0.00667195, -0.83423436), (-0.008418322, -0.00667195, -0.83377504), (-0.0736981, 0.005879998, -1.0557717), (-0.0733006, 0.0069999993, -1.0547246), (-0.072253525, 0.005879998, -1.0551221), (-0.073581696, 0.006671965, -1.055465), (-0.07292557, 0.006526619, -1.0555587), (-0.07256022, 0.006671965, -1.0550057), (-0.07284129, 0.005879998, -1.0557461), (0.008301884, 0.005879998, -0.8397716), (0.008951485, 0.005879998, -0.8412162), (0.007904381, 0.0069999993, -0.84081876), (0.008925855, 0.005879998, -0.84035933), (0.008738428, 0.006526649, -0.8404436), (0.008644789, 0.006671965, -0.84109974), (0.008185476, 0.006671965, -0.84007835), (-0.0903019, 0.005879998, -1.0494684), (-0.0909515, 0.005879998, -1.0480238), (-0.0899044, 0.0069999993, -1.0484213), (-0.0909259, 0.005879998, -1.0488807), (-0.090738446, 0.006526619, -1.0487964), (-0.09064481, 0.006671965, -1.0481403), (-0.09018549, 0.006671965, -1.0491617), (-0.008301914, 0.005879998, -0.8334683), (-0.008699417, 0.0069999993, -0.83451545), (-0.009746492, 0.005879998, -0.8341179), (-0.008418322, 0.006671965, -0.83377504), (-0.00907445, 0.006526649, -0.83368134), (-0.009439796, 0.006671965, -0.83423436), (-0.0091587305, 0.005879998, -0.83349395)]
        uniform token subdivisionScheme = "none"
    }

    def Mesh "Gusset_2" (
        prepend apiSchemas = ["MaterialBindingAPI", "PhysicsCollisionAPI", "PhysicsMeshCollisionAPI"]
    )
    {
        float3[] extent = [(-0.008951485, -0.007000014, -1.0557717), (0.0909515, 0.0069999993, -0.8334683)]
        int[] faceVertexCounts = [4, 4, 4, 4, 4, 4, 4, 4, 4, 4, 4, 4, 4, 4, 4, 4, 4, 4, 4, 4, 4, 4, 4, 4, 4, 4, 4, 4, 4, 4, 4, 4, 4, 4, 4, 4, 4, 4, 4, 4, 4, 4, 4, 4, 4, 4, 4, 4, 4, 4, 4, 4, 4, 4]
        int[] faceVertexIndices = [30, 36, 7, 1, 44, 50, 37, 29, 49, 21, 8, 35, 2, 9, 23, 15, 16, 22, 51, 43, 0, 3, 4, 6, 1, 5, 4, 3, 2, 6, 4, 5, 7, 10, 11, 13, 8, 12, 11, 10, 9, 13, 11, 12, 14, 17, 18, 20, 15, 19, 18, 17, 16, 20, 18, 19, 21, 24, 25, 27, 22, 26, 25, 24, 23, 27, 25, 26, 28, 31, 32, 34, 29, 33, 32, 31, 30, 34, 32, 33, 35, 38, 39, 41, 36, 40, 39, 38, 37, 41, 39, 40, 42, 45, 46, 48, 43, 47, 46, 45, 44, 48, 46, 47, 49, 52, 53, 55, 50, 54, 53, 52, 51, 55, 53, 54, 14, 0, 6, 17, 17, 6, 2, 15, 1, 7, 13, 5, 5, 13, 9, 2, 8, 21, 27, 12, 12, 27, 23, 9, 22, 16, 19, 26, 26, 19, 15, 23, 42, 14, 20, 45, 45, 20, 16, 43, 21, 49, 55, 24, 24, 55, 51, 22, 50, 44, 47, 54, 54, 47, 43, 51, 28, 42, 48, 31, 31, 48, 44, 29, 49, 35, 41, 52, 52, 41, 37, 50, 36, 30, 33, 40, 40, 33, 29, 37, 0, 28, 34, 3, 3, 34, 30, 1, 35, 8, 10, 38, 38, 10, 7, 36, 14, 42, 28, 0]
        rel material:binding = </LidarMount/Materials/metal>
        uniform token physics:approximation = "convexHull"
        point3f[] points = [(0.0736981, 0.005879998, -1.0557717), (0.072253525, 0.005879998, -1.0551221), (0.0733006, 0.0069999993, -1.0547246), (0.07284129, 0.005879998, -1.0557461), (0.07292557, 0.006526619, -1.0555587), (0.07256019, 0.0066719353, -1.0550057), (0.073581696, 0.0066719353, -1.055465), (-0.008951485, 0.005879998, -0.8412162), (-0.008301884, 0.005879998, -0.8397716), (-0.007904381, 0.0069999993, -0.84081864), (-0.008925885, 0.005879998, -0.84035933), (-0.008738428, 0.006526649, -0.8404436), (-0.008185476, 0.006671965, -0.84007823), (-0.008644789, 0.006671965, -0.84109974), (0.09030193, 0.005879998, -1.0494684), (0.08990443, 0.0069999993, -1.0484214), (0.0909515, 0.005879998, -1.0480238), (0.09018546, 0.0066719353, -1.0491618), (0.090738475, 0.006526619, -1.0487964), (0.09064484, 0.0066719353, -1.0481403), (0.09092587, 0.005879998, -1.0488807), (0.008301914, 0.005879998, -0.8334683), (0.009746492, 0.005879998, -0.8341179), (0.008699417, 0.0069999993, -0.83451545), (0.0091587305, 0.005879998, -0.83349395), (0.00907445, 0.006526649, -0.83368134), (0.009439796, 0.006671965, -0.83423436), (0.008418322, 0.006671965, -0.83377504), (0.0736981, -0.005880013, -1.0557717), (0.0733006, -0.007000014, -1.0547246), (0.072253525, -0.005880013, -1.0551221), (0.073581696, -0.006671965, -1.055465), (0.07292557, -0.006526649, -1.0555587), (0.07256019, -0.006671965, -1.0550057), (0.07284129, -0.005880013, -1.0557461), (-0.008301914, -0.0058799833, -0.8397716), (-0.008951485, -0.0058799833, -0.8412162), (-0.007904381, -0.0069999844, -0.84081864), (-0.008925885, -0.0058799833, -0.84035933), (-0.008738428, -0.006526619, -0.8404436), (-0.008644789, -0.00667195, -0.84109974), (-0.008185476, -0.00667195, -0.84007823), (0.09030193, -0.005880013, -1.0494684), (0.0909515, -0.005880013, -1.0480238), (0.08990443, -0.007000014, -1.0484214), (0.09092587, -0.005880013, -1.0488807), (0.090738475, -0.006526649, -1.0487964), (0.09064484, -0.006671965, -1.0481403), (0.09018546, -0.006671965, -1.0491618), (0.008301884, -0.0058799833, -0.8334683), (0.008699417, -0.0069999844, -0.83451545), (0.009746492, -0.0058799833, -0.8341179), (0.008418322, -0.00667195, -0.83377504), (0.00907445, -0.006526619, -0.83368134), (0.009439796, -0.00667195, -0.83423436), (0.0091587305, -0.0058799833, -0.83349395)]
        uniform token subdivisionScheme = "none"
    }

    def Mesh "Deck_bolt_0_001" (
        prepend apiSchemas = ["MaterialBindingAPI", "PhysicsCollisionAPI", "PhysicsMeshCollisionAPI"]
    )
    {
        float3[] extent = [(-0.06606218, -0.061812192, -1.05312), (-0.053937823, -0.048187822, -1.04412)]
        int[] faceVertexCounts = [4, 4, 4, 4, 4, 6, 4, 4, 4, 4, 4, 4, 4, 4, 4, 4, 4, 4, 4, 4, 4, 4, 4, 4, 4, 4, 4, 4, 4, 4, 4, 4, 4, 4, 4, 4, 4, 4, 4, 4, 4, 4, 4, 4, 4, 4, 4, 4, 4, 4, 4, 4, 4, 4, 4, 4, 4, 4, 4, 4, 4, 4, 4, 4, 4, 4, 4, 4, 4, 4, 4, 4, 4, 4, 4, 4, 4, 4, 4, 6]
        int[] faceVertexIndices = [72, 78, 9, 1, 30, 36, 51, 43, 44, 50, 65, 57, 58, 64, 79, 71, 16, 22, 37, 29, 21, 7, 77, 63, 49, 35, 2, 8, 23, 15, 0, 3, 4, 6, 1, 5, 4, 3, 2, 6, 4, 5, 7, 10, 11, 13, 8, 12, 11, 10, 9, 13, 11, 12, 14, 17, 18, 20, 15, 19, 18, 17, 16, 20, 18, 19, 21, 24, 25, 27, 22, 26, 25, 24, 23, 27, 25, 26, 28, 31, 32, 34, 29, 33, 32, 31, 30, 34, 32, 33, 35, 38, 39, 41, 36, 40, 39, 38, 37, 41, 39, 40, 42, 45, 46, 48, 43, 47, 46, 45, 44, 48, 46, 47, 49, 52, 53, 55, 50, 54, 53, 52, 51, 55, 53, 54, 56, 59, 60, 62, 57, 61, 60, 59, 58, 62, 60, 61, 63, 66, 67, 69, 64, 68, 67, 66, 65, 69, 67, 68, 70, 73, 74, 76, 71, 75, 74, 73, 72, 76, 74, 75, 77, 80, 81, 83, 78, 82, 81, 80, 79, 83, 81, 82, 2, 15, 17, 6, 6, 17, 14, 0, 23, 8, 10, 27, 27, 10, 7, 21, 1, 9, 12, 5, 5, 12, 8, 2, 22, 16, 19, 26, 26, 19, 15, 23, 16, 29, 31, 20, 20, 31, 28, 14, 37, 22, 24, 41, 41, 24, 21, 35, 36, 30, 33, 40, 40, 33, 29, 37, 30, 43, 45, 34, 34, 45, 42, 28, 51, 36, 38, 55, 55, 38, 35, 49, 50, 44, 47, 54, 54, 47, 43, 51, 44, 57, 59, 48, 48, 59, 56, 42, 65, 50, 52, 69, 69, 52, 49, 63, 64, 58, 61, 68, 68, 61, 57, 65, 58, 71, 73, 62, 62, 73, 70, 56, 79, 64, 66, 83, 83, 66, 63, 77, 78, 72, 75, 82, 82, 75, 71, 79, 72, 1, 3, 76, 76, 3, 0, 70, 9, 78, 80, 13, 13, 80, 77, 7, 0, 14, 28, 42, 56, 70]
        rel material:binding = </LidarMount/Materials/bolt>
        uniform token physics:approximation = "convexHull"
        point3f[] points = [(-0.060000002, -0.04883139, -1.05312), (-0.060623527, -0.048360005, -1.0524), (-0.05937648, -0.048360005, -1.0524), (-0.060440898, -0.048521146, -1.0529091), (-0.060000002, -0.04832785, -1.0528157), (-0.060000002, -0.048187822, -1.0524), (-0.059559107, -0.048521146, -1.0529091), (-0.060000002, -0.04883139, -1.04412), (-0.05937648, -0.048360005, -1.04484), (-0.060623527, -0.048360005, -1.04484), (-0.059559107, -0.048521146, -1.0443308), (-0.060000002, -0.04832785, -1.0444243), (-0.060000002, -0.048187822, -1.04484), (-0.060440898, -0.048521146, -1.0443308), (-0.054657817, -0.051915705, -1.05312), (-0.054561377, -0.05114001, -1.0524), (-0.053937823, -0.05222, -1.0524), (-0.054609597, -0.05137874, -1.0529091), (-0.05422175, -0.051663935, -1.0528157), (-0.054100484, -0.051593915, -1.0524), (-0.05416867, -0.05214241, -1.0529091), (-0.054657817, -0.051915705, -1.04412), (-0.053937823, -0.05222, -1.04484), (-0.054561377, -0.05114001, -1.04484), (-0.05416867, -0.05214241, -1.0443308), (-0.05422175, -0.051663935, -1.0444243), (-0.054100484, -0.051593915, -1.04484), (-0.054609597, -0.05137874, -1.0443308), (-0.054657817, -0.05808431, -1.05312), (-0.053937823, -0.057780012, -1.0524), (-0.054561377, -0.058860004, -1.0524), (-0.05416867, -0.057857603, -1.0529091), (-0.05422175, -0.05833608, -1.0528157), (-0.054100484, -0.0584061, -1.0524), (-0.054609597, -0.058621272, -1.0529091), (-0.054657817, -0.05808431, -1.04412), (-0.054561377, -0.058860004, -1.04484), (-0.053937823, -0.057780012, -1.04484), (-0.054609597, -0.058621272, -1.0443308), (-0.05422175, -0.05833608, -1.0444243), (-0.054100484, -0.0584061, -1.04484), (-0.05416867, -0.057857603, -1.0443308), (-0.060000002, -0.061168626, -1.05312), (-0.05937648, -0.06164001, -1.0524), (-0.060623527, -0.06164001, -1.0524), (-0.059559107, -0.061478868, -1.0529091), (-0.060000002, -0.061672166, -1.0528157), (-0.060000002, -0.061812192, -1.0524), (-0.060440898, -0.061478868, -1.0529091), (-0.060000002, -0.061168626, -1.04412), (-0.060623527, -0.06164001, -1.04484), (-0.05937648, -0.06164001, -1.04484), (-0.060440898, -0.061478868, -1.0443308), (-0.060000002, -0.061672166, -1.0444243), (-0.060000002, -0.061812192, -1.04484), (-0.059559107, -0.061478868, -1.0443308), (-0.06534219, -0.05808431, -1.05312), (-0.06543863, -0.058860004, -1.0524), (-0.06606218, -0.057780012, -1.0524), (-0.06539041, -0.058621272, -1.0529091), (-0.065778255, -0.05833608, -1.0528157), (-0.06589952, -0.0584061, -1.0524), (-0.06583133, -0.057857603, -1.0529091), (-0.06534219, -0.05808431, -1.04412), (-0.06606218, -0.057780012, -1.04484), (-0.06543863, -0.058860004, -1.04484), (-0.06583133, -0.057857603, -1.0443308), (-0.065778255, -0.05833608, -1.0444243), (-0.06589952, -0.0584061, -1.04484), (-0.06539041, -0.058621272, -1.0443308), (-0.06534219, -0.051915705, -1.05312), (-0.06606218, -0.05222, -1.0524), (-0.06543863, -0.05114001, -1.0524), (-0.06583133, -0.05214241, -1.0529091), (-0.065778255, -0.051663935, -1.0528157), (-0.06589952, -0.051593915, -1.0524), (-0.06539041, -0.05137874, -1.0529091), (-0.06534219, -0.051915705, -1.04412), (-0.06543863, -0.05114001, -1.04484), (-0.06606218, -0.05222, -1.04484), (-0.06539041, -0.05137874, -1.0443308), (-0.065778255, -0.051663935, -1.0444243), (-0.06589952, -0.051593915, -1.04484), (-0.06583133, -0.05214241, -1.0443308)]
        uniform token subdivisionScheme = "none"
    }

    def Mesh "Deck_bolt_1_001" (
        prepend apiSchemas = ["MaterialBindingAPI", "PhysicsCollisionAPI", "PhysicsMeshCollisionAPI"]
    )
    {
        float3[] extent = [(-0.06606218, 0.048187822, -1.05312), (-0.053937823, 0.061812192, -1.04412)]
        int[] faceVertexCounts = [4, 4, 4, 4, 4, 6, 4, 4, 4, 4, 4, 4, 4, 4, 4, 4, 4, 4, 4, 4, 4, 4, 4, 4, 4, 4, 4, 4, 4, 4, 4, 4, 4, 4, 4, 4, 4, 4, 4, 4, 4, 4, 4, 4, 4, 4, 4, 4, 4, 4, 4, 4, 4, 4, 4, 4, 4, 4, 4, 4, 4, 4, 4, 4, 4, 4, 4, 4, 4, 4, 4, 4, 4, 4, 4, 4, 4, 4, 4, 6]
        int[] faceVertexIndices = [72, 78, 9, 1, 30, 36, 51, 43, 44, 50, 65, 57, 58, 64, 79, 71, 16, 22, 37, 29, 21, 7, 77, 63, 49, 35, 2, 8, 23, 15, 0, 3, 4, 6, 1, 5, 4, 3, 2, 6, 4, 5, 7, 10, 11, 13, 8, 12, 11, 10, 9, 13, 11, 12, 14, 17, 18, 20, 15, 19, 18, 17, 16, 20, 18, 19, 21, 24, 25, 27, 22, 26, 25, 24, 23, 27, 25, 26, 28, 31, 32, 34, 29, 33, 32, 31, 30, 34, 32, 33, 35, 38, 39, 41, 36, 40, 39, 38, 37, 41, 39, 40, 42, 45, 46, 48, 43, 47, 46, 45, 44, 48, 46, 47, 49, 52, 53, 55, 50, 54, 53, 52, 51, 55, 53, 54, 56, 59, 60, 62, 57, 61, 60, 59, 58, 62, 60, 61, 63, 66, 67, 69, 64, 68, 67, 66, 65, 69, 67, 68, 70, 73, 74, 76, 71, 75, 74, 73, 72, 76, 74, 75, 77, 80, 81, 83, 78, 82, 81, 80, 79, 83, 81, 82, 2, 15, 17, 6, 6, 17, 14, 0, 23, 8, 10, 27, 27, 10, 7, 21, 1, 9, 12, 5, 5, 12, 8, 2, 22, 16, 19, 26, 26, 19, 15, 23, 16, 29, 31, 20, 20, 31, 28, 14, 37, 22, 24, 41, 41, 24, 21, 35, 36, 30, 33, 40, 40, 33, 29, 37, 30, 43, 45, 34, 34, 45, 42, 28, 51, 36, 38, 55, 55, 38, 35, 49, 50, 44, 47, 54, 54, 47, 43, 51, 44, 57, 59, 48, 48, 59, 56, 42, 65, 50, 52, 69, 69, 52, 49, 63, 64, 58, 61, 68, 68, 61, 57, 65, 58, 71, 73, 62, 62, 73, 70, 56, 79, 64, 66, 83, 83, 66, 63, 77, 78, 72, 75, 82, 82, 75, 71, 79, 72, 1, 3, 76, 76, 3, 0, 70, 9, 78, 80, 13, 13, 80, 77, 7, 0, 14, 28, 42, 56, 70]
        rel material:binding = </LidarMount/Materials/bolt>
        uniform token physics:approximation = "convexHull"
        point3f[] points = [(-0.060000002, 0.06116861, -1.05312), (-0.060623527, 0.061639994, -1.0524), (-0.05937648, 0.061639994, -1.0524), (-0.060440898, 0.061478883, -1.0529091), (-0.060000002, 0.06167215, -1.0528157), (-0.060000002, 0.061812192, -1.0524), (-0.059559107, 0.061478883, -1.0529091), (-0.060000002, 0.06116861, -1.04412), (-0.05937648, 0.061639994, -1.04484), (-0.060623527, 0.061639994, -1.04484), (-0.059559107, 0.061478883, -1.0443308), (-0.060000002, 0.06167215, -1.0444243), (-0.060000002, 0.061812192, -1.04484), (-0.060440898, 0.061478883, -1.0443308), (-0.054657817, 0.05808431, -1.05312), (-0.054561377, 0.058860004, -1.0524), (-0.053937823, 0.057779998, -1.0524), (-0.054609597, 0.058621287, -1.0529091), (-0.05422175, 0.05833608, -1.0528157), (-0.054100484, 0.058406115, -1.0524), (-0.05416867, 0.057857603, -1.0529091), (-0.054657817, 0.05808431, -1.04412), (-0.053937823, 0.057779998, -1.04484), (-0.054561377, 0.058860004, -1.04484), (-0.05416867, 0.057857603, -1.0443308), (-0.05422175, 0.05833608, -1.0444243), (-0.054100484, 0.058406115, -1.04484), (-0.054609597, 0.058621287, -1.0443308), (-0.054657817, 0.051915705, -1.05312), (-0.053937823, 0.052220017, -1.0524), (-0.054561377, 0.05114001, -1.0524), (-0.05416867, 0.05214241, -1.0529091), (-0.05422175, 0.051663935, -1.0528157), (-0.054100484, 0.0515939, -1.0524), (-0.054609597, 0.051378727, -1.0529091), (-0.054657817, 0.051915705, -1.04412), (-0.054561377, 0.05114001, -1.04484), (-0.053937823, 0.052220017, -1.04484), (-0.054609597, 0.051378727, -1.0443308), (-0.05422175, 0.051663935, -1.0444243), (-0.054100484, 0.0515939, -1.04484), (-0.05416867, 0.05214241, -1.0443308), (-0.060000002, 0.048831403, -1.05312), (-0.05937648, 0.04836002, -1.0524), (-0.060623527, 0.04836002, -1.0524), (-0.059559107, 0.04852113, -1.0529091), (-0.060000002, 0.048327863, -1.0528157), (-0.060000002, 0.048187822, -1.0524), (-0.060440898, 0.04852113, -1.0529091), (-0.060000002, 0.048831403, -1.04412), (-0.060623527, 0.04836002, -1.04484), (-0.05937648, 0.04836002, -1.04484), (-0.060440898, 0.04852113, -1.0443308), (-0.060000002, 0.048327863, -1.0444243), (-0.060000002, 0.048187822, -1.04484), (-0.059559107, 0.04852113, -1.0443308), (-0.06534219, 0.051915705, -1.05312), (-0.06543863, 0.05114001, -1.0524), (-0.06606218, 0.052220017, -1.0524), (-0.06539041, 0.051378727, -1.0529091), (-0.065778255, 0.051663935, -1.0528157), (-0.06589952, 0.0515939, -1.0524), (-0.06583133, 0.05214241, -1.0529091), (-0.06534219, 0.051915705, -1.04412), (-0.06606218, 0.052220017, -1.04484), (-0.06543863, 0.05114001, -1.04484), (-0.06583133, 0.05214241, -1.0443308), (-0.065778255, 0.051663935, -1.0444243), (-0.06589952, 0.0515939, -1.04484), (-0.06539041, 0.051378727, -1.0443308), (-0.06534219, 0.05808431, -1.05312), (-0.06606218, 0.057779998, -1.0524), (-0.06543863, 0.058860004, -1.0524), (-0.06583133, 0.057857603, -1.0529091), (-0.065778255, 0.05833608, -1.0528157), (-0.06589952, 0.058406115, -1.0524), (-0.06539041, 0.058621287, -1.0529091), (-0.06534219, 0.05808431, -1.04412), (-0.06543863, 0.058860004, -1.04484), (-0.06606218, 0.057779998, -1.04484), (-0.06539041, 0.058621287, -1.0443308), (-0.065778255, 0.05833608, -1.0444243), (-0.06589952, 0.058406115, -1.04484), (-0.06583133, 0.057857603, -1.0443308)]
        uniform token subdivisionScheme = "none"
    }

    def Mesh "Deck_bolt_2_001" (
        prepend apiSchemas = ["MaterialBindingAPI", "PhysicsCollisionAPI", "PhysicsMeshCollisionAPI"]
    )
    {
        float3[] extent = [(0.053937852, -0.061812192, -1.05312), (0.06606215, -0.048187822, -1.04412)]
        int[] faceVertexCounts = [4, 4, 4, 4, 4, 6, 4, 4, 4, 4, 4, 4, 4, 4, 4, 4, 4, 4, 4, 4, 4, 4, 4, 4, 4, 4, 4, 4, 4, 4, 4, 4, 4, 4, 4, 4, 4, 4, 4, 4, 4, 4, 4, 4, 4, 4, 4, 4, 4, 4, 4, 4, 4, 4, 4, 4, 4, 4, 4, 4, 4, 4, 4, 4, 4, 4, 4, 4, 4, 4, 4, 4, 4, 4, 4, 4, 4, 4, 4, 6]
        int[] faceVertexIndices = [72, 78, 9, 1, 30, 36, 51, 43, 44, 50, 65, 57, 58, 64, 79, 71, 16, 22, 37, 29, 21, 7, 77, 63, 49, 35, 2, 8, 23, 15, 0, 3, 4, 6, 1, 5, 4, 3, 2, 6, 4, 5, 7, 10, 11, 13, 8, 12, 11, 10, 9, 13, 11, 12, 14, 17, 18, 20, 15, 19, 18, 17, 16, 20, 18, 19, 21, 24, 25, 27, 22, 26, 25, 24, 23, 27, 25, 26, 28, 31, 32, 34, 29, 33, 32, 31, 30, 34, 32, 33, 35, 38, 39, 41, 36, 40, 39, 38, 37, 41, 39, 40, 42, 45, 46, 48, 43, 47, 46, 45, 44, 48, 46, 47, 49, 52, 53, 55, 50, 54, 53, 52, 51, 55, 53, 54, 56, 59, 60, 62, 57, 61, 60, 59, 58, 62, 60, 61, 63, 66, 67, 69, 64, 68, 67, 66, 65, 69, 67, 68, 70, 73, 74, 76, 71, 75, 74, 73, 72, 76, 74, 75, 77, 80, 81, 83, 78, 82, 81, 80, 79, 83, 81, 82, 2, 15, 17, 6, 6, 17, 14, 0, 23, 8, 10, 27, 27, 10, 7, 21, 1, 9, 12, 5, 5, 12, 8, 2, 22, 16, 19, 26, 26, 19, 15, 23, 16, 29, 31, 20, 20, 31, 28, 14, 37, 22, 24, 41, 41, 24, 21, 35, 36, 30, 33, 40, 40, 33, 29, 37, 30, 43, 45, 34, 34, 45, 42, 28, 51, 36, 38, 55, 55, 38, 35, 49, 50, 44, 47, 54, 54, 47, 43, 51, 44, 57, 59, 48, 48, 59, 56, 42, 65, 50, 52, 69, 69, 52, 49, 63, 64, 58, 61, 68, 68, 61, 57, 65, 58, 71, 73, 62, 62, 73, 70, 56, 79, 64, 66, 83, 83, 66, 63, 77, 78, 72, 75, 82, 82, 75, 71, 79, 72, 1, 3, 76, 76, 3, 0, 70, 9, 78, 80, 13, 13, 80, 77, 7, 0, 14, 28, 42, 56, 70]
        rel material:binding = </LidarMount/Materials/bolt>
        uniform token physics:approximation = "convexHull"
        point3f[] points = [(0.060000002, -0.04883139, -1.05312), (0.05937648, -0.048360005, -1.0524), (0.060623527, -0.048360005, -1.0524), (0.059559107, -0.048521146, -1.0529091), (0.060000002, -0.04832785, -1.0528157), (0.060000002, -0.048187822, -1.0524), (0.060440898, -0.048521146, -1.0529091), (0.060000002, -0.04883139, -1.04412), (0.060623527, -0.048360005, -1.04484), (0.05937648, -0.048360005, -1.04484), (0.060440898, -0.048521146, -1.0443308), (0.060000002, -0.04832785, -1.0444243), (0.060000002, -0.048187822, -1.04484), (0.059559107, -0.048521146, -1.0443308), (0.06534219, -0.051915705, -1.05312), (0.06543863, -0.05114001, -1.0524), (0.06606215, -0.05222, -1.0524), (0.06539041, -0.05137874, -1.0529091), (0.065778255, -0.051663935, -1.0528157), (0.06589955, -0.051593915, -1.0524), (0.0658313, -0.05214241, -1.0529091), (0.06534219, -0.051915705, -1.04412), (0.06606215, -0.05222, -1.04484), (0.06543863, -0.05114001, -1.04484), (0.0658313, -0.05214241, -1.0443308), (0.065778255, -0.051663935, -1.0444243), (0.06589955, -0.051593915, -1.04484), (0.06539041, -0.05137874, -1.0443308), (0.06534219, -0.05808431, -1.05312), (0.06606215, -0.057780012, -1.0524), (0.06543863, -0.058860004, -1.0524), (0.0658313, -0.057857603, -1.0529091), (0.065778255, -0.05833608, -1.0528157), (0.06589955, -0.0584061, -1.0524), (0.06539041, -0.058621272, -1.0529091), (0.06534219, -0.05808431, -1.04412), (0.06543863, -0.058860004, -1.04484), (0.06606215, -0.057780012, -1.04484), (0.06539041, -0.058621272, -1.0443308), (0.065778255, -0.05833608, -1.0444243), (0.06589955, -0.0584061, -1.04484), (0.0658313, -0.057857603, -1.0443308), (0.060000002, -0.061168626, -1.05312), (0.060623527, -0.06164001, -1.0524), (0.05937648, -0.06164001, -1.0524), (0.060440898, -0.061478868, -1.0529091), (0.060000002, -0.061672166, -1.0528157), (0.060000002, -0.061812192, -1.0524), (0.059559107, -0.061478868, -1.0529091), (0.060000002, -0.061168626, -1.04412), (0.05937648, -0.06164001, -1.04484), (0.060623527, -0.06164001, -1.04484), (0.059559107, -0.061478868, -1.0443308), (0.060000002, -0.061672166, -1.0444243), (0.060000002, -0.061812192, -1.04484), (0.060440898, -0.061478868, -1.0443308), (0.054657817, -0.05808431, -1.05312), (0.054561377, -0.058860004, -1.0524), (0.053937852, -0.057780012, -1.0524), (0.054609597, -0.058621272, -1.0529091), (0.05422175, -0.05833608, -1.0528157), (0.054100454, -0.0584061, -1.0524), (0.0541687, -0.057857603, -1.0529091), (0.054657817, -0.05808431, -1.04412), (0.053937852, -0.057780012, -1.04484), (0.054561377, -0.058860004, -1.04484), (0.0541687, -0.057857603, -1.0443308), (0.05422175, -0.05833608, -1.0444243), (0.054100454, -0.0584061, -1.04484), (0.054609597, -0.058621272, -1.0443308), (0.054657817, -0.051915705, -1.05312), (0.053937852, -0.05222, -1.0524), (0.054561377, -0.05114001, -1.0524), (0.0541687, -0.05214241, -1.0529091), (0.05422175, -0.051663935, -1.0528157), (0.054100454, -0.051593915, -1.0524), (0.054609597, -0.05137874, -1.0529091), (0.054657817, -0.051915705, -1.04412), (0.054561377, -0.05114001, -1.04484), (0.053937852, -0.05222, -1.04484), (0.054609597, -0.05137874, -1.0443308), (0.05422175, -0.051663935, -1.0444243), (0.054100454, -0.051593915, -1.04484), (0.0541687, -0.05214241, -1.0443308)]
        uniform token subdivisionScheme = "none"
    }

    def Mesh "Deck_bolt_3_001" (
        prepend apiSchemas = ["MaterialBindingAPI", "PhysicsCollisionAPI", "PhysicsMeshCollisionAPI"]
    )
    {
        float3[] extent = [(0.053937852, 0.048187822, -1.05312), (0.06606215, 0.061812192, -1.04412)]
        int[] faceVertexCounts = [4, 4, 4, 4, 4, 6, 4, 4, 4, 4, 4, 4, 4, 4, 4, 4, 4, 4, 4, 4, 4, 4, 4, 4, 4, 4, 4, 4, 4, 4, 4, 4, 4, 4, 4, 4, 4, 4, 4, 4, 4, 4, 4, 4, 4, 4, 4, 4, 4, 4, 4, 4, 4, 4, 4, 4, 4, 4, 4, 4, 4, 4, 4, 4, 4, 4, 4, 4, 4, 4, 4, 4, 4, 4, 4, 4, 4, 4, 4, 6]
        int[] faceVertexIndices = [72, 78, 9, 1, 30, 36, 51, 43, 44, 50, 65, 57, 58, 64, 79, 71, 16, 22, 37, 29, 21, 7, 77, 63, 49, 35, 2, 8, 23, 15, 0, 3, 4, 6, 1, 5, 4, 3, 2, 6, 4, 5, 7, 10, 11, 13, 8, 12, 11, 10, 9, 13, 11, 12, 14, 17, 18, 20, 15, 19, 18, 17, 16, 20, 18, 19, 21, 24, 25, 27, 22, 26, 25, 24, 23, 27, 25, 26, 28, 31, 32, 34, 29, 33, 32, 31, 30, 34, 32, 33, 35, 38, 39, 41, 36, 40, 39, 38, 37, 41, 39, 40, 42, 45, 46, 48, 43, 47, 46, 45, 44, 48, 46, 47, 49, 52, 53, 55, 50, 54, 53, 52, 51, 55, 53, 54, 56, 59, 60, 62, 57, 61, 60, 59, 58, 62, 60, 61, 63, 66, 67, 69, 64, 68, 67, 66, 65, 69, 67, 68, 70, 73, 74, 76, 71, 75, 74, 73, 72, 76, 74, 75, 77, 80, 81, 83, 78, 82, 81, 80, 79, 83, 81, 82, 2, 15, 17, 6, 6, 17, 14, 0, 23, 8, 10, 27, 27, 10, 7, 21, 1, 9, 12, 5, 5, 12, 8, 2, 22, 16, 19, 26, 26, 19, 15, 23, 16, 29, 31, 20, 20, 31, 28, 14, 37, 22, 24, 41, 41, 24, 21, 35, 36, 30, 33, 40, 40, 33, 29, 37, 30, 43, 45, 34, 34, 45, 42, 28, 51, 36, 38, 55, 55, 38, 35, 49, 50, 44, 47, 54, 54, 47, 43, 51, 44, 57, 59, 48, 48, 59, 56, 42, 65, 50, 52, 69, 69, 52, 49, 63, 64, 58, 61, 68, 68, 61, 57, 65, 58, 71, 73, 62, 62, 73, 70, 56, 79, 64, 66, 83, 83, 66, 63, 77, 78, 72, 75, 82, 82, 75, 71, 79, 72, 1, 3, 76, 76, 3, 0, 70, 9, 78, 80, 13, 13, 80, 77, 7, 0, 14, 28, 42, 56, 70]
        rel material:binding = </LidarMount/Materials/bolt>
        uniform token physics:approximation = "convexHull"
        point3f[] points = [(0.060000002, 0.06116861, -1.05312), (0.05937648, 0.061639994, -1.0524), (0.060623527, 0.061639994, -1.0524), (0.059559107, 0.061478883, -1.0529091), (0.060000002, 0.06167215, -1.0528157), (0.060000002, 0.061812192, -1.0524), (0.060440898, 0.061478883, -1.0529091), (0.060000002, 0.06116861, -1.04412), (0.060623527, 0.061639994, -1.04484), (0.05937648, 0.061639994, -1.04484), (0.060440898, 0.061478883, -1.0443308), (0.060000002, 0.06167215, -1.0444243), (0.060000002, 0.061812192, -1.04484), (0.059559107, 0.061478883, -1.0443308), (0.06534219, 0.05808431, -1.05312), (0.06543863, 0.058860004, -1.0524), (0.06606215, 0.057779998, -1.0524), (0.06539041, 0.058621287, -1.0529091), (0.065778255, 0.05833608, -1.0528157), (0.06589955, 0.058406115, -1.0524), (0.0658313, 0.057857603, -1.0529091), (0.06534219, 0.05808431, -1.04412), (0.06606215, 0.057779998, -1.04484), (0.06543863, 0.058860004, -1.04484), (0.0658313, 0.057857603, -1.0443308), (0.065778255, 0.05833608, -1.0444243), (0.06589955, 0.058406115, -1.04484), (0.06539041, 0.058621287, -1.0443308), (0.06534219, 0.051915705, -1.05312), (0.06606215, 0.052220017, -1.0524), (0.06543863, 0.05114001, -1.0524), (0.0658313, 0.05214241, -1.0529091), (0.065778255, 0.051663935, -1.0528157), (0.06589955, 0.0515939, -1.0524), (0.06539041, 0.051378727, -1.0529091), (0.06534219, 0.051915705, -1.04412), (0.06543863, 0.05114001, -1.04484), (0.06606215, 0.052220017, -1.04484), (0.06539041, 0.051378727, -1.0443308), (0.065778255, 0.051663935, -1.0444243), (0.06589955, 0.0515939, -1.04484), (0.0658313, 0.05214241, -1.0443308), (0.060000002, 0.048831403, -1.05312), (0.060623527, 0.04836002, -1.0524), (0.05937648, 0.04836002, -1.0524), (0.060440898, 0.04852113, -1.0529091), (0.060000002, 0.048327863, -1.0528157), (0.060000002, 0.048187822, -1.0524), (0.059559107, 0.04852113, -1.0529091), (0.060000002, 0.048831403, -1.04412), (0.05937648, 0.04836002, -1.04484), (0.060623527, 0.04836002, -1.04484), (0.059559107, 0.04852113, -1.0443308), (0.060000002, 0.048327863, -1.0444243), (0.060000002, 0.048187822, -1.04484), (0.060440898, 0.04852113, -1.0443308), (0.054657817, 0.051915705, -1.05312), (0.054561377, 0.05114001, -1.0524), (0.053937852, 0.052220017, -1.0524), (0.054609597, 0.051378727, -1.0529091), (0.05422175, 0.051663935, -1.0528157), (0.054100454, 0.0515939, -1.0524), (0.0541687, 0.05214241, -1.0529091), (0.054657817, 0.051915705, -1.04412), (0.053937852, 0.052220017, -1.04484), (0.054561377, 0.05114001, -1.04484), (0.0541687, 0.05214241, -1.0443308), (0.05422175, 0.051663935, -1.0444243), (0.054100454, 0.0515939, -1.04484), (0.054609597, 0.051378727, -1.0443308), (0.054657817, 0.05808431, -1.05312), (0.053937852, 0.057779998, -1.0524), (0.054561377, 0.058860004, -1.0524), (0.0541687, 0.057857603, -1.0529091), (0.05422175, 0.05833608, -1.0528157), (0.054100454, 0.058406115, -1.0524), (0.054609597, 0.058621287, -1.0529091), (0.054657817, 0.05808431, -1.04412), (0.054561377, 0.058860004, -1.04484), (0.053937852, 0.057779998, -1.04484), (0.054609597, 0.058621287, -1.0443308), (0.05422175, 0.05833608, -1.0444243), (0.054100454, 0.058406115, -1.04484), (0.0541687, 0.057857603, -1.0443308)]
        uniform token subdivisionScheme = "none"
    }
}

