mtllib lidar_3d.mtl
o Deck_plate.001
usemtl metal
v -0.108879983 -0.098879993 -1.06661999
v -0.108879983 -0.099999994 -1.06550002
v -0.110000014 -0.098879993 -1.06550002
v -0.108879983 -0.0996719599 -1.06629193
v -0.109526634 -0.0995266438 -1.06614661
v -0.10967195 -0.0996719599 -1.06550002
v -0.10967195 -0.0988800079 -1.06629193
v -0.108879983 -0.099999994 -1.05374002
v -0.108879983 -0.098879993 -1.05262005
v -0.110000014 -0.098879993 -1.05374002
v -0.108879983 -0.0996719599 -1.05294812
v -0.109526634 -0.0995266438 -1.05309343
v -0.10967195 -0.0988800079 -1.05294812
v -0.10967195 -0.0996719599 -1.05374002
v -0.108879983 0.098879993 -1.06661999
v -0.110000014 0.098879993 -1.06550002
v -0.108879983 0.099999994 -1.06550002
v -0.10967195 0.098879993 -1.06629193
v -0.109526634 0.0995266438 -1.06614661
v -0.10967195 0.0996719599 -1.06550002
v -0.108879983 0.0996719599 -1.06629193
v -0.108879983 0.098879993 -1.05262005
v -0.108879983 0.099999994 -1.05374002
v -0.110000014 0.098879993 -1.05374002
v -0.108879983 0.0996719599 -1.05294812
v -0.109526634 0.0995266438 -1.05309343
v -0.10967195 0.0996719599 -1.05374002
v -0.10967195 0.098879993 -1.05294812
v 0.108879983 -0.098879993 -1.06661999
v 0.110000014 -0.098879993 -1.06550002
v 0.108879983 -0.099999994 -1.06550002
v 0.10967195 -0.0988800079 -1.06629193
v 0.109526634 -0.0995266438 -1.06614661
v 0.10967195 -0.0996719599 -1.06550002
v 0.108879983 -0.0996719599 -1.06629193
v 0.108879983 -0.098879993 -1.05262005
v 0.108879983 -0.099999994 -1.05374002
v 0.110000014 -0.098879993 -1.05374002
v 0.108879983 -0.0996719599 -1.05294812
v 0.109526634 -0.0995266438 -1.05309343
v 0.10967195 -0.0996719599 -1.05374002
v 0.10967195 -0.0988800079 -1.05294812
v 0.108879983 0.098879993 -1.06661999
v 0.108879983 0.099999994 -1.06550002
v 0.110000014 0.098879993 -1.06550002
v 0.108879983 0.0996719599 -1.06629193
v 0.109526634 0.0995266438 -1.06614661
v 0.10967195 0.0996719599 -1.06550002
v 0.10967195 0.098879993 -1.06629193
v 0.108879983 0.098879993 -1.05262005
v 0.110000014 0.098879993 -1.05374002
v 0.108879983 0.099999994 -1.05374002
v 0.10967195 0.098879993 -1.05294812
v 0.109526634 0.0995266438 -1.05309343
v 0.10967195 0.0996719599 -1.05374002
v 0.108879983 0.0996719599 -1.05294812
f 31 37 8 2
f 45 51 38 30
f 50 22 9 36
f 3 10 24 16
f 17 23 52 44
f 1 4 5 7
f 2 6 5 4
f 3 7 5 6
f 8 11 12 14
f 9 13 12 11
f 10 14 12 13
f 15 18 19 21
f 16 20 19 18
f 17 21 19 20
f 22 25 26 28
f 23 27 26 25
f 24 28 26 27
f 29 32 33 35
f 30 34 33 32
f 31 35 33 34
f 36 39 40 42
f 37 41 40 39
f 38 42 40 41
f 43 46 47 49
f 44 48 47 46
f 45 49 47 48
f 50 53 54 56
f 51 55 54 53
f 52 56 54 55
f 15 1 7 18
f 18 7 3 16
f 2 8 14 6
f 6 14 10 3
f 9 22 28 13
f 13 28 24 10
f 23 17 20 27
f 27 20 16 24
f 43 15 21 46
f 46 21 17 44
f 22 50 56 25
f 25 56 52 23
f 51 45 48 55
f 55 48 44 52
f 29 43 49 32
f 32 49 45 30
f 50 36 42 53
f 53 42 38 51
f 37 31 34 41
f 41 34 30 38
f 1 29 35 4
f 4 35 31 2
f 36 9 11 39
f 39 11 8 37
f 15 43 29 1
o Mast
usemtl metal
v 0 0.0184724331 -1.05261993
v 0 0.0220000148 -1.04909992
v 0 0.0209667981 -1.05158901
v 0 0.0184724331 -0.0840001106
v 0 0.0220000148 -0.0875201225
v 0 0.0209667981 -0.0850310326
v 0.00241115689 0.0183144212 -1.05261993
v 0.00287157297 0.0218117833 -1.04909992
v 0.00273671746 0.0207874179 -1.05158901
v 0.00241115689 0.0183144212 -0.0840001106
v 0.00287157297 0.0218117833 -0.0875201225
v 0.00273671746 0.0207874179 -0.0850310326
v 0.00478103757 0.017843008 -1.05261993
v 0.00569403172 0.0212503672 -1.04909992
v 0.00542661548 0.0202523768 -1.05158901
v 0.00478103757 0.017843008 -0.0840001106
v 0.00569403172 0.0212503672 -0.0875201225
v 0.00542661548 0.0202523768 -0.0850310326
v 0.00706911087 0.0170663297 -1.05261993
v 0.00841903687 0.0203253627 -1.04909992
v 0.00802364945 0.0193707943 -1.05158901
v 0.00706911087 0.0170663297 -0.0840001106
v 0.00841903687 0.0203253627 -0.0875201225
v 0.00802364945 0.0193707943 -0.0850310326
v 0.00923621655 0.0159976184 -1.05261993
v 0.0110000074 0.0190525651 -1.04909992
v 0.0104834139 0.0181577802 -1.05158901
v 0.00923621655 0.0159976184 -0.0840001106
v 0.0110000074 0.0190525651 -0.0875201225
v 0.0104834139 0.0181577802 -0.0850310326
v 0.0112453103 0.0146551728 -1.05261993
v 0.0133927464 0.0174537599 -1.04909992
v 0.0127637684 0.0166340768 -1.05158901
v 0.0112453103 0.0146551728 -0.0840001106
v 0.0133927464 0.0174537599 -0.0875201225
v 0.0127637684 0.0166340768 -0.0850310326
v 0.0130620003 0.0130620003 -1.05261993
v 0.0155563354 0.0155563354 -1.04909992
v 0.0148257613 0.0148257613 -1.05158901
v 0.0130620003 0.0130620003 -0.0840001106
v 0.0155563354 0.0155563354 -0.0875201225
v 0.0148257613 0.0148257613 -0.0850310326
v 0.0146551728 0.0112453103 -1.05261993
v 0.0174537599 0.0133927464 -1.04909992
v 0.0166340768 0.0127637684 -1.05158901
v 0.0146551728 0.0112453103 -0.0840001106
v 0.0174537599 0.0133927464 -0.0875201225
v 0.0166340768 0.0127637684 -0.0850310326
v 0.0159976184 0.00923621655 -1.05261993
v 0.0190525651 0.0110000074 -1.04909992
v 0.0181577802 0.0104834139 -1.05158901
v 0.0159976184 0.00923621655 -0.0840001106
v 0.0190525651 0.0110000074 -0.0875201225
v 0.0181577802 0.0104834139 -0.0850310326
v 0.0170663297 0.00706911087 -1.05261993
v 0.0203253627 0.00841903687 -1.04909992
v 0.0193707943 0.00802364945 -1.05158901
v 0.0170663297 0.00706911087 -0.0840001106
v 0.0203253627 0.00841903687 -0.0875201225
v 0.0193707943 0.00802364945 -0.0850310326
v 0.017843008 0.00478103757 -1.05261993
v 0.0212503672 0.00569403172 -1.04909992
v 0.0202523768 0.00542661548 -1.05158901
v 0.017843008 0.00478103757 -0.0840001106
v 0.0212503672 0.00569403172 -0.0875201225
v 0.0202523768 0.00542661548 -0.0850310326
v 0.0183144212 0.00241115689 -1.05261993
v 0.0218117833 0.00287157297 -1.04909992
v 0.0207874179 0.00273671746 -1.05158901
v 0.0183144212 0.00241115689 -0.0840001106
v 0.0218117833 0.00287157297 -0.0875201225
v 0.0207874179 0.00273671746 -0.0850310326
v 0.0184724331 0 -1.05261993
v 0.0220000148 0 -1.04909992
v 0.0209667981 0 -1.05158901
v 0.0184724331 0 -0.0840001106
v 0.0220000148 0 -0.0875201225
v 0.0209667981 0 -0.0850310326
v 0.0183144212 -0.00241114199 -1.05261993
v 0.0218117833 -0.00287157297 -1.04909992
v 0.0207874179 -0.00273671746 -1.05158901
v 0.0183144212 -0.00241114199 -0.0840001106
v 0.0218117833 -0.00287157297 -0.0875201225
v 0.0207874179 -0.00273671746 -0.0850310326
v 0.017843008 -0.00478102267 -1.05261993
v 0.0212503672 -0.00569401681 -1.04909992
v 0.0202523768 -0.00542661548 -1.05158901
v 0.017843008 -0.00478102267 -0.0840001106
v 0.0212503672 -0.00569401681 -0.0875201225
v 0.0202523768 -0.00542661548 -0.0850310326
v 0.0170663297 -0.00706909597 -1.05261993
v 0.0203253627 -0.00841903687 -1.04909992
v 0.0193707943 -0.00802364945 -1.05158901
v 0.0170663297 -0.00706909597 -0.0840001106
v 0.0203253627 -0.00841903687 -0.0875201225
v 0.0193707943 -0.00802364945 -0.0850310326
v 0.0159976184 -0.00923623145 -1.05261993
v 0.0190525651 -0.0110000074 -1.04909992
v 0.0181577802 -0.010483399 -1.05158901
v 0.0159976184 -0.00923623145 -0.0840001106
v 0.0190525651 -0.0110000074 -0.0875201225
v 0.0181577802 -0.010483399 -0.0850310326
v 0.0146551728 -0.0112453103 -1.05261993
v 0.0174537599 -0.0133927464 -1.04909992
v 0.0166340768 -0.0127637833 -1.05158901
v 0.0146551728 -0.0112453103 -0.0840001106
v 0.0174537599 -0.0133927464 -0.0875201225
v 0.0166340768 -0.0127637833 -0.0850310326
v 0.0130620003 -0.0130619854 -1.05261993
v 0.0155563354 -0.0155563504 -1.04909992
v 0.0148257613 -0.0148257613 -1.05158901
v 0.0130620003 -0.0130619854 -0.0840001106
v 0.0155563354 -0.0155563504 -0.0875201225
v 0.0148257613 -0.0148257613 -0.0850310326
v 0.0112453103 -0.0146551728 -1.05261993
v 0.0133927464 -0.0174537748 -1.04909992
v 0.0127637684 -0.0166340768 -1.05158901
v 0.0112453103 -0.0146551728 -0.0840001106
v 0.0133927464 -0.0174537748 -0.0875201225
v 0.0127637684 -0.0166340768 -0.0850310326
v 0.00923621655 -0.0159976035 -1.05261993
v 0.0110000074 -0.0190525651 -1.04909992
v 0.0104834139 -0.0181577802 -1.05158901
v 0.00923621655 -0.0159976035 -0.0840001106
v 0.0110000074 -0.0190525651 -0.0875201225
v 0.0104834139 -0.0181577802 -0.0850310326
v 0.00706911087 -0.0170663148 -1.05261993
v 0.00841903687 -0.0203253478 -1.04909992
v 0.00802364945 -0.0193707943 -1.05158901
v 0.00706911087 -0.0170663148 -0.0840001106
v 0.00841903687 -0.0203253478 -0.0875201225
v 0.00802364945 -0.0193707943 -0.0850310326
v 0.00478103757 -0.017843008 -1.05261993
v 0.00569403172 -0.0212503672 -1.04909992
v 0.00542661548 -0.0202523768 -1.05158901
v 0.00478103757 -0.017843008 -0.0840001106
v 0.00569403172 -0.0212503672 -0.0875201225
v 0.00542661548 -0.0202523768 -0.0850310326
v 0.00241115689 -0.0183144063 -1.05261993
v 0.00287157297 -0.0218117833 -1.04909992
v 0.00273671746 -0.0207874328 -1.05158901
v 0.00241115689 -0.0183144063 -0.0840001106
v 0.00287157297 -0.0218117833 -0.0875201225
v 0.00273671746 -0.0207874328 -0.0850310326
v 0 -0.018472448 -1.05261993
v 0 -0.0219999999 -1.04909992
v 0 -0.0209667981 -1.05158901
v 0 -0.018472448 -0.0840001106
v 0 -0.0219999999 -0.0875201225
v 0 -0.0209667981 -0.0850310326
v -0.00241115689 -0.0183144063 -1.05261993
v -0.00287157297 -0.0218117833 -1.04909992
v -0.00273671746 -0.0207874328 -1.05158901
v -0.00241115689 -0.0183144063 -0.0840001106
v -0.00287157297 -0.0218117833 -0.0875201225
v -0.00273671746 -0.0207874328 -0.0850310326
v -0.00478103757 -0.017843008 -1.05261993
v -0.00569403172 -0.0212503672 -1.04909992
v -0.00542661548 -0.0202523768 -1.05158901
v -0.00478103757 -0.017843008 -0.0840001106
v -0.00569403172 -0.0212503672 -0.0875201225
v -0.00542661548 -0.0202523768 -0.0850310326
v -0.00706911087 -0.0170663148 -1.05261993
v -0.00841903687 -0.0203253478 -1.04909992
v -0.00802364945 -0.0193707943 -1.05158901
v -0.00706911087 -0.0170663148 -0.0840001106
v -0.00841903687 -0.0203253478 -0.0875201225
v -0.00802364945 -0.0193707943 -0.0850310326
v -0.00923621655 -0.0159976035 -1.05261993
v -0.0110000074 -0.0190525651 -1.04909992
v -0.0104834139 -0.0181577802 -1.05158901
v -0.00923621655 -0.0159976035 -0.0840001106
v -0.0110000074 -0.0190525651 -0.0875201225
v -0.0104834139 -0.0181577802 -0.0850310326
v -0.0112453103 -0.0146551728 -1.05261993
v -0.0133927464 -0.0174537748 -1.04909992
v -0.0127637684 -0.0166340768 -1.05158901
v -0.0112453103 -0.0146551728 -0.0840001106
v -0.0133927464 -0.0174537748 -0.0875201225
v -0.0127637684 -0.0166340768 -0.0850310326
v -0.0130620003 -0.0130619854 -1.05261993
v -0.0155563354 -0.0155563504 -1.04909992
v -0.0148257613 -0.0148257613 -1.05158901
v -0.0130620003 -0.0130619854 -0.0840001106
v -0.0155563354 -0.0155563504 -0.0875201225
v -0.0148257613 -0.0148257613 -0.0850310326
v -0.0146551728 -0.0112453103 -1.05261993
v -0.0174537599 -0.0133927464 -1.04909992
v -0.0166340768 -0.0127637833 -1.05158901
v -0.0146551728 -0.0112453103 -0.0840001106
v -0.0174537599 -0.0133927464 -0.0875201225
v -0.0166340768 -0.0127637833 -0.0850310326
v -0.0159976184 -0.00923623145 -1.05261993
v -0.0190525651 -0.0110000074 -1.04909992
v -0.0181577802 -0.010483399 -1.05158901
v -0.0159976184 -0.00923623145 -0.0840001106
v -0.0190525651 -0.0110000074 -0.0875201225
v -0.0181577802 -0.010483399 -0.0850310326
v -0.0170663297 -0.00706909597 -1.05261993
v -0.0203253627 -0.00841903687 -1.04909992
v -0.0193707943 -0.00802364945 -1.05158901
v -0.0170663297 -0.00706909597 -0.0840001106
v -0.0203253627 -0.00841903687 -0.0875201225
v -0.0193707943 -0.00802364945 -0.0850310326
v -0.017843008 -0.00478102267 -1.05261993
v -0.0212503672 -0.00569401681 -1.04909992
v -0.0202523768 -0.00542661548 -1.05158901
v -0.017843008 -0.00478102267 -0.0840001106
v -0.0212503672 -0.00569401681 -0.0875201225
v -0.0202523768 -0.00542661548 -0.0850310326
v -0.0183144212 -0.00241114199 -1.05261993
v -0.0218117833 -0.00287157297 -1.04909992
v -0.0207874179 -0.00273671746 -1.05158901
v -0.0183144212 -0.00241114199 -0.0840001106
v -0.0218117833 -0.00287157297 -0.0875201225
v -0.0207874179 -0.00273671746 -0.0850310326
v -0.0184724331 0 -1.05261993
v -0.0220000148 0 -1.04909992
v -0.0209667981 0 -1.05158901
v -0.0184724331 0 -0.0840001106
v -0.0220000148 0 -0.0875201225
v -0.0209667981 0 -0.0850310326
v -0.0183144212 0.00241115689 -1.05261993
v -0.0218117833 0.00287157297 -1.04909992
v -0.0207874179 0.00273671746 -1.05158901
v -0.0183144212 0.00241115689 -0.0840001106
v -0.0218117833 0.00287157297 -0.0875201225
v -0.0207874179 0.00273671746 -0.0850310326
v -0.017843008 0.00478103757 -1.05261993
v -0.0212503672 0.00569403172 -1.04909992
v -0.0202523768 0.00542661548 -1.05158901
v -0.017843008 0.00478103757 -0.0840001106
v -0.0212503672 0.00569403172 -0.0875201225
v -0.0202523768 0.00542661548 -0.0850310326
v -0.0170663297 0.00706911087 -1.05261993
v -0.0203253627 0.00841903687 -1.04909992
v -0.0193707943 0.00802364945 -1.05158901
v -0.0170663297 0.00706911087 -0.0840001106
v -0.0203253627 0.00841903687 -0.0875201225
v -0.0193707943 0.00802364945 -0.0850310326
v -0.0159976184 0.00923621655 -1.05261993
v -0.0190525651 0.0110000074 -1.04909992
v -0.0181577802 0.0104834139 -1.05158901
v -0.0159976184 0.00923621655 -0.0840001106
v -0.0190525651 0.0110000074 -0.0875201225
v -0.0181577802 0.0104834139 -0.0850310326
v -0.0146551728 0.0112453103 -1.05261993
v -0.0174537599 0.0133927464 -1.04909992
v -0.0166340768 0.0127637684 -1.05158901
v -0.0146551728 0.0112453103 -0.0840001106
v -0.0174537599 0.0133927464 -0.0875201225
v -0.0166340768 0.0127637684 -0.0850310326
v -0.0130620003 0.0130620003 -1.05261993
v -0.0155563354 0.0155563354 -1.04909992
v -0.0148257613 0.0148257613 -1.05158901
v -0.0130620003 0.0130620003 -0.0840001106
v -0.0155563354 0.0155563354 -0.0875201225
v -0.0148257613 0.0148257613 -0.0850310326
v -0.0112453103 0.0146551728 -1.05261993
v -0.0133927464 0.0174537599 -1.04909992
v -0.0127637684 0.0166340768 -1.05158901
v -0.0112453103 0.0146551728 -0.0840001106
v -0.0133927464 0.0174537599 -0.0875201225
v -0.0127637684 0.0166340768 -0.0850310326
v -0.00923621655 0.0159976184 -1.05261993
v -0.0110000074 0.0190525651 -1.04909992
v -0.0104834139 0.0181577802 -1.05158901
v -0.00923621655 0.0159976184 -0.0840001106
v -0.0110000074 0.0190525651 -0.0875201225
v -0.0104834139 0.0181577802 -0.0850310326
v -0.00706911087 0.0170663297 -1.05261993
v -0.00841903687 0.0203253627 -1.04909992
v -0.00802364945 0.0193707943 -1.05158901
v -0.00706911087 0.0170663297 -0.0840001106
v -0.00841903687 0.0203253627 -0.0875201225
v -0.00802364945 0.0193707943 -0.0850310326
v -0.00478103757 0.017843008 -1.05261993
v -0.00569403172 0.0212503672 -1.04909992
v -0.00542661548 0.0202523768 -1.05158901
v -0.00478103757 0.017843008 -0.0840001106
v -0.00569403172 0.0212503672 -0.0875201225
v -0.00542661548 0.0202523768 -0.0850310326
v -0.00241115689 0.0183144212 -1.05261993
v -0.00287157297 0.0218117833 -1.04909992
v -0.00273671746 0.0207874179 -1.05158901
v -0.00241115689 0.0183144212 -0.0840001106
v -0.00287157297 0.0218117833 -0.0875201225
v -0.00273671746 0.0207874179 -0.0850310326
f 340 343 61 58
f 70 73 79 76
f 76 79 85 82
f 82 85 91 88
f 88 91 97 94
f 94 97 103 100
f 100 103 109 106
f 106 109 115 112
f 112 115 121 118
f 118 121 127 124
f 124 127 133 130
f 130 133 139 136
f 136 139 145 142
f 142 145 151 148
f 148 151 157 154
f 154 157 163 160
f 160 163 169 166
f 166 169 175 172
f 172 175 181 178
f 178 181 187 184
f 184 187 193 190
f 190 193 199 196
f 196 199 205 202
f 202 205 211 208
f 208 211 217 214
f 214 217 223 220
f 220 223 229 226
f 226 229 235 232
f 232 235 241 238
f 238 241 247 244
f 244 247 253 250
f 250 253 259 256
f 256 259 265 262
f 262 265 271 268
f 268 271 277 274
f 274 277 283 280
f 280 283 289 286
f 286 289 295 292
f 292 295 301 298
f 298 301 307 304
f 304 307 313 310
f 310 313 319 316
f 316 319 325 322
f 322 325 331 328
f 328 331 337 334
f 334 337 343 340
f 64 67 73 70
f 66 60 342 336 330 324 318 312 306 300 294 288 282 276 270 264 258 252 246 240 234 228 222 216 210 204 198 192 186 180 174 168 162 156 150 144 138 132 126 120 114 108 102 96 90 84 78 72
f 58 61 67 64
f 58 64 65 59
f 59 65 63 57
f 67 61 62 68
f 68 62 60 66
f 64 70 71 65
f 65 71 69 63
f 73 67 68 74
f 74 68 66 72
f 70 76 77 71
f 71 77 75 69
f 79 73 74 80
f 80 74 72 78
f 76 82 83 77
f 77 83 81 75
f 85 79 80 86
f 86 80 78 84
f 82 88 89 83
f 83 89 87 81
f 91 85 86 92
f 92 86 84 90
f 88 94 95 89
f 89 95 93 87
f 97 91 92 98
f 98 92 90 96
f 94 100 101 95
f 95 101 99 93
f 103 97 98 104
f 104 98 96 102
f 100 106 107 101
f 101 107 105 99
f 109 103 104 110
f 110 104 102 108
f 106 112 113 107
f 107 113 111 105
f 115 109 110 116
f 116 110 108 114
f 112 118 119 113
f 113 119 117 111
f 121 115 116 122
f 122 116 114 120
f 118 124 125 119
f 119 125 123 117
f 127 121 122 128
f 128 122 120 126
f 124 130 131 125
f 125 131 129 123
f 133 127 128 134
f 134 128 126 132
f 130 136 137 131
f 131 137 135 129
f 139 133 134 140
f 140 134 132 138
f 136 142 143 137
f 137 143 141 135
f 145 139 140 146
f 146 140 138 144
f 142 148 149 143
f 143 149 147 141
f 151 145 146 152
f 152 146 144 150
f 148 154 155 149
f 149 155 153 147
f 157 151 152 158
f 158 152 150 156
f 154 160 161 155
f 155 161 159 153
f 163 157 158 164
f 164 158 156 162
f 160 166 167 161
f 161 167 165 159
f 169 163 164 170
f 170 164 162 168
f 166 172 173 167
f 167 173 171 165
f 175 169 170 176
f 176 170 168 174
f 172 178 179 173
f 173 179 177 171
f 181 175 176 182
f 182 176 174 180
f 178 184 185 179
f 179 185 183 177
f 187 181 182 188
f 188 182 180 186
f 184 190 191 185
f 185 191 189 183
f 193 187 188 194
f 194 188 186 192
f 190 196 197 191
f 191 197 195 189
f 199 193 194 200
f 200 194 192 198
f 196 202 203 197
f 197 203 201 195
f 205 199 200 206
f 206 200 198 204
f 202 208 209 203
f 203 209 207 201
f 211 205 206 212
f 212 206 204 210
f 208 214 215 209
f 209 215 213 207
f 217 211 212 218
f 218 212 210 216
f 214 220 221 215
f 215 221 219 213
f 223 217 218 224
f 224 218 216 222
f 220 226 227 221
f 221 227 225 219
f 229 223 224 230
f 230 224 222 228
f 226 232 233 227
f 227 233 231 225
f 235 229 230 236
f 236 230 228 234
f 232 238 239 233
f 233 239 237 231
f 241 235 236 242
f 242 236 234 240
f 238 244 245 239
f 239 245 243 237
f 247 241 242 248
f 248 242 240 246
f 244 250 251 245
f 245 251 249 243
f 253 247 248 254
f 254 248 246 252
f 250 256 257 251
f 251 257 255 249
f 259 253 254 260
f 260 254 252 258
f 256 262 263 257
f 257 263 261 255
f 265 259 260 266
f 266 260 258 264
f 262 268 269 263
f 263 269 267 261
f 271 265 266 272
f 272 266 264 270
f 268 274 275 269
f 269 275 273 267
f 277 271 272 278
f 278 272 270 276
f 274 280 281 275
f 275 281 279 273
f 283 277 278 284
f 284 278 276 282
f 280 286 287 281
f 281 287 285 279
f 289 283 284 290
f 290 284 282 288
f 286 292 293 287
f 287 293 291 285
f 295 289 290 296
f 296 290 288 294
f 292 298 299 293
f 293 299 297 291
f 301 295 296 302
f 302 296 294 300
f 298 304 305 299
f 299 305 303 297
f 307 301 302 308
f 308 302 300 306
f 304 310 311 305
f 305 311 309 303
f 313 307 308 314
f 314 308 306 312
f 310 316 317 311
f 311 317 315 309
f 319 313 314 320
f 320 314 312 318
f 316 322 323 317
f 317 323 321 315
f 325 319 320 326
f 326 320 318 324
f 322 328 329 323
f 323 329 327 321
f 331 325 326 332
f 332 326 324 330
f 328 334 335 329
f 329 335 333 327
f 337 331 332 338
f 338 332 330 336
f 334 340 341 335
f 335 341 339 333
f 343 337 338 344
f 344 338 336 342
f 340 58 59 341
f 341 59 57 339
f 61 343 344 62
f 62 344 342 60
f 57 63 69 75 81 87 93 99 105 111 117 123 129 135 141 147 153 159 165 171 177 183 189 195 201 207 213 219 225 231 237 243 249 255 261 267 273 279 285 291 297 303 309 315 321 327 333 339
o Lower_housing
usemtl metal
v 0 0.0474345088 -0.0840001106
v 0 0.0500000119 -0.0814399719
v 0 0.0492485762 -0.0832502842
v 0 0.0474345088 -0.0520000458
v 0 0.0500000119 -0.0545601845
v 0 0.0492485762 -0.0527498722
v 0.00619143248 0.0470286906 -0.0840001106
v 0.00652632117 0.0495722294 -0.0814399719
v 0.00642824173 0.0488272607 -0.0832502842
v 0.00619143248 0.0470286906 -0.0520000458
v 0.00652632117 0.0495722294 -0.0545601845
v 0.00642824173 0.0488272607 -0.0527498722
v 0.0122769475 0.0458182096 -0.0840001106
v 0.0129409432 0.0482963026 -0.0814399719
v 0.0127464831 0.047570467 -0.0832502842
v 0.0122769475 0.0458182096 -0.0520000458
v 0.0129409432 0.0482963026 -0.0545601845
v 0.0127464831 0.047570467 -0.0527498722
v 0.018152386 0.0438237786 -0.0840001106
v 0.0191341639 0.0461939871 -0.0814399719
v 0.0188466311 0.0454997718 -0.0832502842
v 0.018152386 0.0438237786 -0.0520000458
v 0.0191341639 0.0461939871 -0.0545601845
v 0.0188466311 0.0454997718 -0.0527498722
v 0.0237172246 0.0410794914 -0.0840001106
v 0.025000006 0.0433012843 -0.0814399719
v 0.0246242881 0.0426505208 -0.0832502842
v 0.0237172246 0.0410794914 -0.0520000458
v 0.025000006 0.0433012843 -0.0545601845
v 0.0246242881 0.0426505208 -0.0527498722
v 0.0288763046 0.0376323164 -0.0840001106
v 0.0304380655 0.039667666 -0.0814399719
v 0.0299806297 0.0390715301 -0.0832502842
v 0.0288763046 0.0376323164 -0.0520000458
v 0.0304380655 0.039667666 -0.0545601845
v 0.0299806297 0.0390715301 -0.0527498722
v 0.0335412621 0.0335412621 -0.0840001106
v 0.0353553295 0.0353553295 -0.0814399719
v 0.0348240137 0.0348240137 -0.0832502842
v 0.0335412621 0.0335412621 -0.0520000458
v 0.0353553295 0.0353553295 -0.0545601845
v 0.0348240137 0.0348240137 -0.0527498722
v 0.0376323164 0.0288763046 -0.0840001106
v 0.039667666 0.0304380655 -0.0814399719
v 0.0390715301 0.0299806297 -0.0832502842
v 0.0376323164 0.0288763046 -0.0520000458
v 0.039667666 0.0304380655 -0.0545601845
v 0.0390715301 0.0299806297 -0.0527498722
v 0.0410794914 0.0237172246 -0.0840001106
v 0.0433012843 0.025000006 -0.0814399719
v 0.0426505208 0.0246242881 -0.0832502842
v 0.0410794914 0.0237172246 -0.0520000458
v 0.0433012843 0.025000006 -0.0545601845
v 0.0426505208 0.0246242881 -0.0527498722
v 0.0438237786 0.018152386 -0.0840001106
v 0.0461939871 0.0191341639 -0.0814399719
v 0.0454997718 0.0188466311 -0.0832502842
v 0.0438237786 0.018152386 -0.0520000458
v 0.0461939871 0.0191341639 -0.0545601845
v 0.0454997718 0.0188466311 -0.0527498722
v 0.0458182096 0.0122769475 -0.0840001106
v 0.0482963026 0.0129409432 -0.0814399719
v 0.047570467 0.0127464831 -0.0832502842
v 0.0458182096 0.0122769475 -0.0520000458
v 0.0482963026 0.0129409432 -0.0545601845
v 0.047570467 0.0127464831 -0.0527498722
v 0.0470286906 0.00619143248 -0.0840001106
v 0.0495722294 0.00652632117 -0.0814399719
v 0.0488272607 0.00642824173 -0.0832502842
v 0.0470286906 0.00619143248 -0.0520000458
v 0.0495722294 0.00652632117 -0.0545601845
v 0.0488272607 0.00642824173 -0.0527498722
v 0.0474345088 0 -0.0840001106
v 0.0500000119 0 -0.0814399719
v 0.0492485762 0 -0.0832502842
v 0.0474345088 0 -0.0520000458
v 0.0500000119 0 -0.0545601845
v 0.0492485762 0 -0.0527498722
v 0.0470286906 -0.00619144738 -0.0840001106
v 0.0495722294 -0.00652630627 -0.0814399719
v 0.0488272607 -0.00642822683 -0.0832502842
v 0.0470286906 -0.00619144738 -0.0520000458
v 0.0495722294 -0.00652630627 -0.0545601845
v 0.0488272607 -0.00642822683 -0.0527498722
v 0.0458182096 -0.0122769475 -0.0840001106
v 0.0482963026 -0.0129409581 -0.0814399719
v 0.047570467 -0.0127464682 -0.0832502842
v 0.0458182096 -0.0122769475 -0.0520000458
v 0.0482963026 -0.0129409581 -0.0545601845
v 0.047570467 -0.0127464682 -0.0527498722
v 0.0438237786 -0.0181524009 -0.0840001106
v 0.0461939871 -0.0191341788 -0.0814399719
v 0.0454997718 -0.0188466161 -0.0832502842
v 0.0438237786 -0.0181524009 -0.0520000458
v 0.0461939871 -0.0191341788 -0.0545601845
v 0.0454997718 -0.0188466161 -0.0527498722
v 0.0410794914 -0.0237172395 -0.0840001106
v 0.0433012843 -0.025000006 -0.0814399719
v 0.0426505208 -0.0246242881 -0.0832502842
v 0.0410794914 -0.0237172395 -0.0520000458
v 0.0433012843 -0.025000006 -0.0545601845
v 0.0426505208 -0.0246242881 -0.0527498722
v 0.0376323164 -0.0288763046 -0.0840001106
v 0.039667666 -0.0304380655 -0.0814399719
v 0.0390715301 -0.0299806297 -0.0832502842
v 0.0376323164 -0.0288763046 -0.0520000458
v 0.039667666 -0.0304380655 -0.0545601845
v 0.0390715301 -0.0299806297 -0.0527498722
v 0.0335412621 -0.0335412621 -0.0840001106
v 0.0353553295 -0.0353553444 -0.0814399719
v 0.0348240137 -0.0348240137 -0.0832502842
v 0.0335412621 -0.0335412621 -0.0520000458
v 0.0353553295 -0.0353553444 -0.0545601845
v 0.0348240137 -0.0348240137 -0.0527498722
v 0.0288763046 -0.0376323164 -0.0840001106
v 0.0304380655 -0.039667666 -0.0814399719
v 0.0299806297 -0.0390715301 -0.0832502842
v 0.0288763046 -0.0376323164 -0.0520000458
v 0.0304380655 -0.039667666 -0.0545601845
v 0.0299806297 -0.0390715301 -0.0527498722
v 0.0237172246 -0.0410794914 -0.0840001106
v 0.025000006 -0.0433012694 -0.0814399719
v 0.0246242881 -0.0426505208 -0.0832502842
v 0.0237172246 -0.0410794914 -0.0520000458
v 0.025000006 -0.0433012694 -0.0545601845
v 0.0246242881 -0.0426505208 -0.0527498722
v 0.018152386 -0.0438237786 -0.0840001106
v 0.0191341639 -0.0461939722 -0.0814399719
v 0.0188466311 -0.0454997718 -0.0832502842
v 0.018152386 -0.0438237786 -0.0520000458
v 0.0191341639 -0.0461939722 -0.0545601845
v 0.0188466311 -0.0454997718 -0.0527498722
v 0.0122769475 -0.0458182096 -0.0840001106
v 0.0129409432 -0.0482962877 -0.0814399719
v 0.0127464831 -0.0475704819 -0.0832502842
v 0.0122769475 -0.0458182096 -0.0520000458
v 0.0129409432 -0.0482962877 -0.0545601845
v 0.0127464831 -0.0475704819 -0.0527498722
v 0.00619143248 -0.0470287055 -0.0840001106
v 0.00652632117 -0.0495722443 -0.0814399719
v 0.00642824173 -0.0488272607 -0.0832502842
v 0.00619143248 -0.0470287055 -0.0520000458
v 0.00652632117 -0.0495722443 -0.0545601845
v 0.00642824173 -0.0488272607 -0.0527498722
v 0 -0.0474345088 -0.0840001106
v 0 -0.049999997 -0.0814399719
v 0 -0.0492485762 -0.0832502842
v 0 -0.0474345088 -0.0520000458
v 0 -0.049999997 -0.0545601845
v 0 -0.0492485762 -0.0527498722
v -0.00619143248 -0.0470287055 -0.0840001106
v -0.00652632117 -0.0495722443 -0.0814399719
v -0.00642824173 -0.0488272607 -0.0832502842
v -0.00619143248 -0.0470287055 -0.0520000458
v -0.00652632117 -0.0495722443 -0.0545601845
v -0.00642824173 -0.0488272607 -0.0527498722
v -0.0122769475 -0.0458182096 -0.0840001106
v -0.0129409432 -0.0482962877 -0.0814399719
v -0.0127464831 -0.0475704819 -0.0832502842
v -0.0122769475 -0.0458182096 -0.0520000458
v -0.0129409432 -0.0482962877 -0.0545601845
v -0.0127464831 -0.0475704819 -0.0527498722
v -0.018152386 -0.0438237786 -0.0840001106
v -0.0191341639 -0.0461939722 -0.0814399719
v -0.0188466311 -0.0454997718 -0.0832502842
v -0.018152386 -0.0438237786 -0.0520000458
v -0.0191341639 -0.0461939722 -0.0545601845
v -0.0188466311 -0.0454997718 -0.0527498722
v -0.0237172246 -0.0410794914 -0.0840001106
v -0.025000006 -0.0433012694 -0.0814399719
v -0.0246242881 -0.0426505208 -0.0832502842
v -0.0237172246 -0.0410794914 -0.0520000458
v -0.025000006 -0.0433012694 -0.0545601845
v -0.0246242881 -0.0426505208 -0.0527498722
v -0.0288763046 -0.0376323164 -0.0840001106
v -0.0304380655 -0.039667666 -0.0814399719
v -0.0299806297 -0.0390715301 -0.0832502842
v -0.0288763046 -0.0376323164 -0.0520000458
v -0.0304380655 -0.039667666 -0.0545601845
v -0.0299806297 -0.0390715301 -0.0527498722
v -0.0335412621 -0.0335412621 -0.0840001106
v -0.0353553295 -0.0353553444 -0.0814399719
v -0.0348240137 -0.0348240137 -0.0832502842
v -0.0335412621 -0.0335412621 -0.0520000458
v -0.0353553295 -0.0353553444 -0.0545601845
v -0.0348240137 -0.0348240137 -0.0527498722
v -0.0376323164 -0.0288763046 -0.0840001106
v -0.039667666 -0.0304380655 -0.0814399719
v -0.0390715301 -0.0299806297 -0.0832502842
v -0.0376323164 -0.0288763046 -0.0520000458
v -0.039667666 -0.0304380655 -0.0545601845
v -0.0390715301 -0.0299806297 -0.0527498722
v -0.0410794914 -0.0237172395 -0.0840001106
v -0.0433012843 -0.025000006 -0.0814399719
v -0.0426505208 -0.0246242881 -0.0832502842
v -0.0410794914 -0.0237172395 -0.0520000458
v -0.0433012843 -0.025000006 -0.0545601845
v -0.0426505208 -0.0246242881 -0.0527498722
v -0.0438237786 -0.0181524009 -0.0840001106
v -0.0461939871 -0.0191341788 -0.0814399719
v -0.0454997718 -0.0188466161 -0.0832502842
v -0.0438237786 -0.0181524009 -0.0520000458
v -0.0461939871 -0.0191341788 -0.0545601845
v -0.0454997718 -0.0188466161 -0.0527498722
v -0.0458182096 -0.0122769475 -0.0840001106
v -0.0482963026 -0.0129409581 -0.0814399719
v -0.047570467 -0.0127464682 -0.0832502842
v -0.0458182096 -0.0122769475 -0.0520000458
v -0.0482963026 -0.0129409581 -0.0545601845
v -0.047570467 -0.0127464682 -0.0527498722
v -0.0470286906 -0.00619144738 -0.0840001106
v -0.0495722294 -0.00652630627 -0.0814399719
v -0.0488272607 -0.00642822683 -0.0832502842
v -0.0470286906 -0.00619144738 -0.0520000458
v -0.0495722294 -0.00652630627 -0.0545601845
v -0.0488272607 -0.00642822683 -0.0527498722
v -0.0474345088 0 -0.0840001106
v -0.0500000119 0 -0.0814399719
v -0.0492485762 0 -0.0832502842
v -0.0474345088 0 -0.0520000458
v -0.0500000119 0 -0.0545601845
v -0.0492485762 0 -0.0527498722
v -0.0470286906 0.00619143248 -0.0840001106
v -0.0495722294 0.00652632117 -0.0814399719
v -0.0488272607 0.00642824173 -0.0832502842
v -0.0470286906 0.00619143248 -0.0520000458
v -0.0495722294 0.00652632117 -0.0545601845
v -0.0488272607 0.00642824173 -0.0527498722
v -0.0458182096 0.0122769475 -0.0840001106
v -0.0482963026 0.0129409432 -0.0814399719
v -0.047570467 0.0127464831 -0.0832502842
v -0.0458182096 0.0122769475 -0.0520000458
v -0.0482963026 0.0129409432 -0.0545601845
v -0.047570467 0.0127464831 -0.0527498722
v -0.0438237786 0.018152386 -0.0840001106
v -0.0461939871 0.0191341639 -0.0814399719
v -0.0454997718 0.0188466311 -0.0832502842
v -0.0438237786 0.018152386 -0.0520000458
v -0.0461939871 0.0191341639 -0.0545601845
v -0.0454997718 0.0188466311 -0.0527498722
v -0.0410794914 0.0237172246 -0.0840001106
v -0.0433012843 0.025000006 -0.0814399719
v -0.0426505208 0.0246242881 -0.0832502842
v -0.0410794914 0.0237172246 -0.0520000458
v -0.0433012843 0.025000006 -0.0545601845
v -0.0426505208 0.0246242881 -0.0527498722
v -0.0376323164 0.0288763046 -0.0840001106
v -0.039667666 0.0304380655 -0.0814399719
v -0.0390715301 0.0299806297 -0.0832502842
v -0.0376323164 0.0288763046 -0.0520000458
v -0.039667666 0.0304380655 -0.0545601845
v -0.0390715301 0.0299806297 -0.0527498722
v -0.0335412621 0.0335412621 -0.0840001106
v -0.0353553295 0.0353553295 -0.0814399719
v -0.0348240137 0.0348240137 -0.0832502842
v -0.0335412621 0.0335412621 -0.0520000458
v -0.0353553295 0.0353553295 -0.0545601845
v -0.0348240137 0.0348240137 -0.0527498722
v -0.0288763046 0.0376323164 -0.0840001106
v -0.0304380655 0.039667666 -0.0814399719
v -0.0299806297 0.0390715301 -0.0832502842
v -0.0288763046 0.0376323164 -0.0520000458
v -0.0304380655 0.039667666 -0.0545601845
v -0.0299806297 0.0390715301 -0.0527498722
v -0.0237172246 0.0410794914 -0.0840001106
v -0.025000006 0.0433012843 -0.0814399719
v -0.0246242881 0.0426505208 -0.0832502842
v -0.0237172246 0.0410794914 -0.0520000458
v -0.025000006 0.0433012843 -0.0545601845
v -0.0246242881 0.0426505208 -0.0527498722
v -0.018152386 0.0438237786 -0.0840001106
v -0.0191341639 0.0461939871 -0.0814399719
v -0.0188466311 0.0454997718 -0.0832502842
v -0.018152386 0.0438237786 -0.0520000458
v -0.0191341639 0.0461939871 -0.0545601845
v -0.0188466311 0.0454997718 -0.0527498722
v -0.0122769475 0.0458182096 -0.0840001106
v -0.0129409432 0.0482963026 -0.0814399719
v -0.0127464831 0.047570467 -0.0832502842
v -0.0122769475 0.0458182096 -0.0520000458
v -0.0129409432 0.0482963026 -0.0545601845
v -0.0127464831 0.047570467 -0.0527498722
v -0.00619143248 0.0470286906 -0.0840001106
v -0.00652632117 0.0495722294 -0.0814399719
v -0.00642824173 0.0488272607 -0.0832502842
v -0.00619143248 0.0470286906 -0.0520000458
v -0.00652632117 0.0495722294 -0.0545601845
v -0.00642824173 0.0488272607 -0.0527498722
f 628 631 349 346
f 358 361 367 364
f 364 367 373 370
f 370 373 379 376
f 376 379 385 382
f 382 385 391 388
f 388 391 397 394
f 394 397 403 400
f 400 403 409 406
f 406 409 415 412
f 412 415 421 418
f 418 421 427 424
f 424 427 433 430
f 430 433 439 436
f 436 439 445 442
f 442 445 451 448
f 448 451 457 454
f 454 457 463 460
f 460 463 469 466
f 466 469 475 472
f 472 475 481 478
f 478 481 487 484
f 484 487 493 490
f 490 493 499 496
f 496 499 505 502
f 502 505 511 508
f 508 511 517 514
f 514 517 523 520
f 520 523 529 526
f 526 529 535 532
f 532 535 541 538
f 538 541 547 544
f 544 547 553 550
f 550 553 559 556
f 556 559 565 562
f 562 565 571 568
f 568 571 577 574
f 574 577 583 580
f 580 583 589 586
f 586 589 595 592
f 592 595 601 598
f 598 601 607 604
f 604 607 613 610
f 610 613 619 616
f 616 619 625 622
f 622 625 631 628
f 352 355 361 358
f 354 348 630 624 618 612 606 600 594 588 582 576 570 564 558 552 546 540 534 528 522 516 510 504 498 492 486 480 474 468 462 456 450 444 438 432 426 420 414 408 402 396 390 384 378 372 366 360
f 346 349 355 352
f 346 352 353 347
f 347 353 351 345
f 355 349 350 356
f 356 350 348 354
f 352 358 359 353
f 353 359 357 351
f 361 355 356 362
f 362 356 354 360
f 358 364 365 359
f 359 365 363 357
f 367 361 362 368
f 368 362 360 366
f 364 370 371 365
f 365 371 369 363
f 373 367 368 374
f 374 368 366 372
f 370 376 377 371
f 371 377 375 369
f 379 373 374 380
f 380 374 372 378
f 376 382 383 377
f 377 383 381 375
f 385 379 380 386
f 386 380 378 384
f 382 388 389 383
f 383 389 387 381
f 391 385 386 392
f 392 386 384 390
f 388 394 395 389
f 389 395 393 387
f 397 391 392 398
f 398 392 390 396
f 394 400 401 395
f 395 401 399 393
f 403 397 398 404
f 404 398 396 402
f 400 406 407 401
f 401 407 405 399
f 409 403 404 410
f 410 404 402 408
f 406 412 413 407
f 407 413 411 405
f 415 409 410 416
f 416 410 408 414
f 412 418 419 413
f 413 419 417 411
f 421 415 416 422
f 422 416 414 420
f 418 424 425 419
f 419 425 423 417
f 427 421 422 428
f 428 422 420 426
f 424 430 431 425
f 425 431 429 423
f 433 427 428 434
f 434 428 426 432
f 430 436 437 431
f 431 437 435 429
f 439 433 434 440
f 440 434 432 438
f 436 442 443 437
f 437 443 441 435
f 445 439 440 446
f 446 440 438 444
f 442 448 449 443
f 443 449 447 441
f 451 445 446 452
f 452 446 444 450
f 448 454 455 449
f 449 455 453 447
f 457 451 452 458
f 458 452 450 456
f 454 460 461 455
f 455 461 459 453
f 463 457 458 464
f 464 458 456 462
f 460 466 467 461
f 461 467 465 459
f 469 463 464 470
f 470 464 462 468
f 466 472 473 467
f 467 473 471 465
f 475 469 470 476
f 476 470 468 474
f 472 478 479 473
f 473 479 477 471
f 481 475 476 482
f 482 476 474 480
f 478 484 485 479
f 479 485 483 477
f 487 481 482 488
f 488 482 480 486
f 484 490 491 485
f 485 491 489 483
f 493 487 488 494
f 494 488 486 492
f 490 496 497 491
f 491 497 495 489
f 499 493 494 500
f 500 494 492 498
f 496 502 503 497
f 497 503 501 495
f 505 499 500 506
f 506 500 498 504
f 502 508 509 503
f 503 509 507 501
f 511 505 506 512
f 512 506 504 510
f 508 514 515 509
f 509 515 513 507
f 517 511 512 518
f 518 512 510 516
f 514 520 521 515
f 515 521 519 513
f 523 517 518 524
f 524 518 516 522
f 520 526 527 521
f 521 527 525 519
f 529 523 524 530
f 530 524 522 528
f 526 532 533 527
f 527 533 531 525
f 535 529 530 536
f 536 530 528 534
f 532 538 539 533
f 533 539 537 531
f 541 535 536 542
f 542 536 534 540
f 538 544 545 539
f 539 545 543 537
f 547 541 542 548
f 548 542 540 546
f 544 550 551 545
f 545 551 549 543
f 553 547 548 554
f 554 548 546 552
f 550 556 557 551
f 551 557 555 549
f 559 553 554 560
f 560 554 552 558
f 556 562 563 557
f 557 563 561 555
f 565 559 560 566
f 566 560 558 564
f 562 568 569 563
f 563 569 567 561
f 571 565 566 572
f 572 566 564 570
f 568 574 575 569
f 569 575 573 567
f 577 571 572 578
f 578 572 570 576
f 574 580 581 575
f 575 581 579 573
f 583 577 578 584
f 584 578 576 582
f 580 586 587 581
f 581 587 585 579
f 589 583 584 590
f 590 584 582 588
f 586 592 593 587
f 587 593 591 585
f 595 589 590 596
f 596 590 588 594
f 592 598 599 593
f 593 599 597 591
f 601 595 596 602
f 602 596 594 600
f 598 604 605 599
f 599 605 603 597
f 607 601 602 608
f 608 602 600 606
f 604 610 611 605
f 605 611 609 603
f 613 607 608 614
f 614 608 606 612
f 610 616 617 611
f 611 617 615 609
f 619 613 614 620
f 620 614 612 618
f 616 622 623 617
f 617 623 621 615
f 625 619 620 626
f 626 620 618 624
f 622 628 629 623
f 623 629 627 621
f 631 625 626 632
f 632 626 624 630
f 628 346 347 629
f 629 347 345 627
f 349 631 632 350
f 350 632 630 348
f 345 351 357 363 369 375 381 387 393 399 405 411 417 423 429 435 441 447 453 459 465 471 477 483 489 495 501 507 513 519 525 531 537 543 549 555 561 567 573 579 585 591 597 603 609 615 621 627
o Cooling_collar
usemtl metal
v 0 0.0565379262 -0.0520000458
v 0 0.0575000048 -0.0510399342
v 0 0.0572173595 -0.0517187119
v 0 0.0565379262 -0.0399999619
v 0 0.0575000048 -0.0409600735
v 0 0.0572173595 -0.0402812958
v 0.00737968087 0.0560542643 -0.0520000458
v 0.00750526786 0.0570080876 -0.0510399342
v 0.00746837258 0.0567278862 -0.0517187119
v 0.00737968087 0.0560542643 -0.0399999619
v 0.00750526786 0.0570080876 -0.0409600735
v 0.00746837258 0.0567278862 -0.0402812958
v 0.0146330893 0.0546114743 -0.0520000458
v 0.0148820877 0.0555407405 -0.0510399342
v 0.0148089528 0.0552677512 -0.0517187119
v 0.0146330893 0.0546114743 -0.0399999619
v 0.0148820877 0.0555407405 -0.0409600735
v 0.0148089528 0.0552677512 -0.0402812958
v 0.0216361284 0.0522342324 -0.0520000458
v 0.0220043063 0.0531230569 -0.0510399342
v 0.0218961537 0.0528619587 -0.0517187119
v 0.0216361284 0.0522342324 -0.0399999619
v 0.0220043063 0.0531230569 -0.0409600735
v 0.0218961537 0.0528619587 -0.0402812958
v 0.0282689631 0.0489633083 -0.0520000458
v 0.0287500024 0.0497964621 -0.0510399342
v 0.0286086798 0.0495516956 -0.0517187119
v 0.0282689631 0.0489633083 -0.0399999619
v 0.0287500024 0.0497964621 -0.0409600735
v 0.0286086798 0.0495516956 -0.0402812958
v 0.0344181061 0.0448545814 -0.0520000458
v 0.0350037813 0.0456178188 -0.0510399342
v 0.0348317027 0.0453935862 -0.0517187119
v 0.0344181061 0.0448545814 -0.0399999619
v 0.0350037813 0.0456178188 -0.0409600735
v 0.0348317027 0.0453935862 -0.0402812958
v 0.0399783552 0.0399783552 -0.0520000458
v 0.0406586528 0.0406586528 -0.0510399342
v 0.0404587984 0.0404587984 -0.0517187119
v 0.0399783552 0.0399783552 -0.0399999619
v 0.0406586528 0.0406586528 -0.0409600735
v 0.0404587984 0.0404587984 -0.0402812958
v 0.0448545814 0.0344181061 -0.0520000458
v 0.0456178188 0.0350037813 -0.0510399342
v 0.0453935862 0.0348317027 -0.0517187119
v 0.0448545814 0.0344181061 -0.0399999619
v 0.0456178188 0.0350037813 -0.0409600735
v 0.0453935862 0.0348317027 -0.0402812958
v 0.0489633083 0.0282689631 -0.0520000458
v 0.0497964621 0.0287500024 -0.0510399342
v 0.0495516956 0.0286086798 -0.0517187119
v 0.0489633083 0.0282689631 -0.0399999619
v 0.0497964621 0.0287500024 -0.0409600735
v 0.0495516956 0.0286086798 -0.0402812958
v 0.0522342324 0.0216361284 -0.0520000458
v 0.0531230569 0.0220043063 -0.0510399342
v 0.0528619289 0.0218961537 -0.0517187119
v 0.0522342324 0.0216361284 -0.0399999619
v 0.0531230569 0.0220043063 -0.0409600735
v 0.0528619289 0.0218961537 -0.0402812958
v 0.0546114445 0.0146330893 -0.0520000458
v 0.0555407405 0.0148820877 -0.0510399342
v 0.0552677512 0.0148089528 -0.0517187119
v 0.0546114445 0.0146330893 -0.0399999619
v 0.0555407405 0.0148820877 -0.0409600735
v 0.0552677512 0.0148089528 -0.0402812958
v 0.0560542345 0.00737968087 -0.0520000458
v 0.0570080876 0.00750526786 -0.0510399342
v 0.0567278862 0.00746837258 -0.0517187119
v 0.0560542345 0.00737968087 -0.0399999619
v 0.0570080876 0.00750526786 -0.0409600735
v 0.0567278862 0.00746837258 -0.0402812958
v 0.0565379262 0 -0.0520000458
v 0.0575000048 0 -0.0510399342
v 0.0572173595 0 -0.0517187119
v 0.0565379262 0 -0.0399999619
v 0.0575000048 0 -0.0409600735
v 0.0572173595 0 -0.0402812958
v 0.0560542345 -0.00737968087 -0.0520000458
v 0.0570080876 -0.00750525296 -0.0510399342
v 0.0567278862 -0.00746837258 -0.0517187119
v 0.0560542345 -0.00737968087 -0.0399999619
v 0.0570080876 -0.00750525296 -0.0409600735
v 0.0567278862 -0.00746837258 -0.0402812958
v 0.0546114445 -0.0146330893 -0.0520000458
v 0.0555407405 -0.0148820877 -0.0510399342
v 0.0552677512 -0.0148089379 -0.0517187119
v 0.0546114445 -0.0146330893 -0.0399999619
v 0.0555407405 -0.0148820877 -0.0409600735
v 0.0552677512 -0.0148089379 -0.0402812958
v 0.0522342324 -0.0216361433 -0.0520000458
v 0.0531230569 -0.0220043063 -0.0510399342
v 0.0528619289 -0.0218961537 -0.0517187119
v 0.0522342324 -0.0216361433 -0.0399999619
v 0.0531230569 -0.0220043063 -0.0409600735
v 0.0528619289 -0.0218961537 -0.0402812958
v 0.0489633083 -0.0282689631 -0.0520000458
v 0.0497964621 -0.0287500024 -0.0510399342
v 0.0495516956 -0.0286086798 -0.0517187119
v 0.0489633083 -0.0282689631 -0.0399999619
v 0.0497964621 -0.0287500024 -0.0409600735
v 0.0495516956 -0.0286086798 -0.0402812958
v 0.0448545814 -0.0344181061 -0.0520000458
v 0.0456178188 -0.0350037813 -0.0510399342
v 0.0453935862 -0.0348317176 -0.0517187119
v 0.0448545814 -0.0344181061 -0.0399999619
v 0.0456178188 -0.0350037813 -0.0409600735
v 0.0453935862 -0.0348317176 -0.0402812958
v 0.0399783552 -0.0399783552 -0.0520000458
v 0.0406586528 -0.0406586379 -0.0510399342
v 0.0404587984 -0.0404587984 -0.0517187119
v 0.0399783552 -0.0399783552 -0.0399999619
v 0.0406586528 -0.0406586379 -0.0409600735
v 0.0404587984 -0.0404587984 -0.0402812958
v 0.0344181061 -0.0448545665 -0.0520000458
v 0.0350037813 -0.0456178188 -0.0510399342
v 0.0348317027 -0.0453935862 -0.0517187119
v 0.0344181061 -0.0448545665 -0.0399999619
v 0.0350037813 -0.0456178188 -0.0409600735
v 0.0348317027 -0.0453935862 -0.0402812958
v 0.0282689631 -0.0489632934 -0.0520000458
v 0.0287500024 -0.0497964621 -0.0510399342
v 0.0286086798 -0.0495516956 -0.0517187119
v 0.0282689631 -0.0489632934 -0.0399999619
v 0.0287500024 -0.0497964621 -0.0409600735
v 0.0286086798 -0.0495516956 -0.0402812958
v 0.0216361284 -0.0522342324 -0.0520000458
v 0.0220043063 -0.0531230718 -0.0510399342
v 0.0218961537 -0.0528619587 -0.0517187119
v 0.0216361284 -0.0522342324 -0.0399999619
v 0.0220043063 -0.0531230718 -0.0409600735
v 0.0218961537 -0.0528619587 -0.0402812958
v 0.0146330893 -0.0546114594 -0.0520000458
v 0.0148820877 -0.0555407405 -0.0510399342
v 0.0148089528 -0.0552677363 -0.0517187119
v 0.0146330893 -0.0546114594 -0.0399999619
v 0.0148820877 -0.0555407405 -0.0409600735
v 0.0148089528 -0.0552677363 -0.0402812958
v 0.00737968087 -0.0560542494 -0.0520000458
v 0.00750526786 -0.0570080876 -0.0510399342
v 0.00746837258 -0.0567278713 -0.0517187119
v 0.00737968087 -0.0560542494 -0.0399999619
v 0.00750526786 -0.0570080876 -0.0409600735
v 0.00746837258 -0.0567278713 -0.0402812958
v 0 -0.0565379411 -0.0520000458
v 0 -0.0575000048 -0.0510399342
v 0 -0.0572173744 -0.0517187119
v 0 -0.0565379411 -0.0399999619
v 0 -0.0575000048 -0.0409600735
v 0 -0.0572173744 -0.0402812958
v -0.00737968087 -0.0560542494 -0.0520000458
v -0.00750526786 -0.0570080876 -0.0510399342
v -0.00746837258 -0.0567278713 -0.0517187119
v -0.00737968087 -0.0560542494 -0.0399999619
v -0.00750526786 -0.0570080876 -0.0409600735
v -0.00746837258 -0.0567278713 -0.0402812958
v -0.0146330893 -0.0546114594 -0.0520000458
v -0.0148820877 -0.0555407405 -0.0510399342
v -0.0148089528 -0.0552677363 -0.0517187119
v -0.0146330893 -0.0546114594 -0.0399999619
v -0.0148820877 -0.0555407405 -0.0409600735
v -0.0148089528 -0.0552677363 -0.0402812958
v -0.0216361284 -0.0522342324 -0.0520000458
v -0.0220043063 -0.0531230718 -0.0510399342
v -0.0218961537 -0.0528619587 -0.0517187119
v -0.0216361284 -0.0522342324 -0.0399999619
v -0.0220043063 -0.0531230718 -0.0409600735
v -0.0218961537 -0.0528619587 -0.0402812958
v -0.0282689631 -0.0489632934 -0.0520000458
v -0.0287500024 -0.0497964621 -0.0510399342
v -0.0286086798 -0.0495516956 -0.0517187119
v -0.0282689631 -0.0489632934 -0.0399999619
v -0.0287500024 -0.0497964621 -0.0409600735
v -0.0286086798 -0.0495516956 -0.0402812958
v -0.0344181061 -0.0448545665 -0.0520000458
v -0.0350037813 -0.0456178188 -0.0510399342
v -0.0348317027 -0.0453935862 -0.0517187119
v -0.0344181061 -0.0448545665 -0.0399999619
v -0.0350037813 -0.0456178188 -0.0409600735
v -0.0348317027 -0.0453935862 -0.0402812958
v -0.0399783552 -0.0399783552 -0.0520000458
v -0.0406586528 -0.0406586379 -0.0510399342
v -0.0404587984 -0.0404587984 -0.0517187119
v -0.0399783552 -0.0399783552 -0.0399999619
v -0.0406586528 -0.0406586379 -0.0409600735
v -0.0404587984 -0.0404587984 -0.0402812958
v -0.0448545814 -0.0344181061 -0.0520000458
v -0.0456178188 -0.0350037813 -0.0510399342
v -0.0453935862 -0.0348317176 -0.0517187119
v -0.0448545814 -0.0344181061 -0.0399999619
v -0.0456178188 -0.0350037813 -0.0409600735
v -0.0453935862 -0.0348317176 -0.0402812958
v -0.0489633083 -0.0282689631 -0.0520000458
v -0.0497964621 -0.0287500024 -0.0510399342
v -0.0495516956 -0.0286086798 -0.0517187119
v -0.0489633083 -0.0282689631 -0.0399999619
v -0.0497964621 -0.0287500024 -0.0409600735
v -0.0495516956 -0.0286086798 -0.0402812958
v -0.0522342324 -0.0216361433 -0.0520000458
v -0.0531230569 -0.0220043063 -0.0510399342
v -0.0528619587 -0.0218961537 -0.0517187119
v -0.0522342324 -0.0216361433 -0.0399999619
v -0.0531230569 -0.0220043063 -0.0409600735
v -0.0528619587 -0.0218961537 -0.0402812958
v -0.0546114743 -0.0146330893 -0.0520000458
v -0.0555407405 -0.0148820877 -0.0510399342
v -0.0552677512 -0.0148089379 -0.0517187119
v -0.0546114743 -0.0146330893 -0.0399999619
v -0.0555407405 -0.0148820877 -0.0409600735
v -0.0552677512 -0.0148089379 -0.0402812958
v -0.0560542643 -0.00737968087 -0.0520000458
v -0.0570080876 -0.00750525296 -0.0510399342
v -0.0567278862 -0.00746837258 -0.0517187119
v -0.0560542643 -0.00737968087 -0.0399999619
v -0.0570080876 -0.00750525296 -0.0409600735
v -0.0567278862 -0.00746837258 -0.0402812958
v -0.0565379262 0 -0.0520000458
v -0.0575000048 0 -0.0510399342
v -0.0572173595 0 -0.0517187119
v -0.0565379262 0 -0.0399999619
v -0.0575000048 0 -0.0409600735
v -0.0572173595 0 -0.0402812958
v -0.0560542643 0.00737968087 -0.0520000458
v -0.0570080876 0.00750526786 -0.0510399342
v -0.0567278862 0.00746837258 -0.0517187119
v -0.0560542643 0.00737968087 -0.0399999619
v -0.0570080876 0.00750526786 -0.0409600735
v -0.0567278862 0.00746837258 -0.0402812958
v -0.0546114743 0.0146330893 -0.0520000458
v -0.0555407405 0.0148820877 -0.0510399342
v -0.0552677512 0.0148089528 -0.0517187119
v -0.0546114743 0.0146330893 -0.0399999619
v -0.0555407405 0.0148820877 -0.0409600735
v -0.0552677512 0.0148089528 -0.0402812958
v -0.0522342324 0.0216361284 -0.0520000458
v -0.0531230569 0.0220043063 -0.0510399342
v -0.0528619587 0.0218961537 -0.0517187119
v -0.0522342324 0.0216361284 -0.0399999619
v -0.0531230569 0.0220043063 -0.0409600735
v -0.0528619587 0.0218961537 -0.0402812958
v -0.0489633083 0.0282689631 -0.0520000458
v -0.0497964621 0.0287500024 -0.0510399342
v -0.0495516956 0.0286086798 -0.0517187119
v -0.0489633083 0.0282689631 -0.0399999619
v -0.0497964621 0.0287500024 -0.0409600735
v -0.0495516956 0.0286086798 -0.0402812958
v -0.0448545814 0.0344181061 -0.0520000458
v -0.0456178188 0.0350037813 -0.0510399342
v -0.0453935862 0.0348317027 -0.0517187119
v -0.0448545814 0.0344181061 -0.0399999619
v -0.0456178188 0.0350037813 -0.0409600735
v -0.0453935862 0.0348317027 -0.0402812958
v -0.0399783552 0.0399783552 -0.0520000458
v -0.0406586528 0.0406586528 -0.0510399342
v -0.0404587984 0.0404587984 -0.0517187119
v -0.0399783552 0.0399783552 -0.0399999619
v -0.0406586528 0.0406586528 -0.0409600735
v -0.0404587984 0.0404587984 -0.0402812958
v -0.0344181061 0.0448545814 -0.0520000458
v -0.0350037813 0.0456178188 -0.0510399342
v -0.0348317027 0.0453935862 -0.0517187119
v -0.0344181061 0.0448545814 -0.0399999619
v -0.0350037813 0.0456178188 -0.0409600735
v -0.0348317027 0.0453935862 -0.0402812958
v -0.0282689631 0.0489633083 -0.0520000458
v -0.0287500024 0.0497964621 -0.0510399342
v -0.0286086798 0.0495516956 -0.0517187119
v -0.0282689631 0.0489633083 -0.0399999619
v -0.0287500024 0.0497964621 -0.0409600735
v -0.0286086798 0.0495516956 -0.0402812958
v -0.0216361284 0.0522342324 -0.0520000458
v -0.0220043063 0.0531230569 -0.0510399342
v -0.0218961537 0.0528619587 -0.0517187119
v -0.0216361284 0.0522342324 -0.0399999619
v -0.0220043063 0.0531230569 -0.0409600735
v -0.0218961537 0.0528619587 -0.0402812958
v -0.0146330893 0.0546114743 -0.0520000458
v -0.0148820877 0.0555407405 -0.0510399342
v -0.0148089528 0.0552677512 -0.0517187119
v -0.0146330893 0.0546114743 -0.0399999619
v -0.0148820877 0.0555407405 -0.0409600735
v -0.0148089528 0.0552677512 -0.0402812958
v -0.00737968087 0.0560542643 -0.0520000458
v -0.00750526786 0.0570080876 -0.0510399342
v -0.00746837258 0.0567278862 -0.0517187119
v -0.00737968087 0.0560542643 -0.0399999619
v -0.00750526786 0.0570080876 -0.0409600735
v -0.00746837258 0.0567278862 -0.0402812958
f 916 919 637 634
f 646 649 655 652
f 652 655 661 658
f 658 661 667 664
f 664 667 673 670
f 670 673 679 676
f 676 679 685 682
f 682 685 691 688
f 688 691 697 694
f 694 697 703 700
f 700 703 709 706
f 706 709 715 712
f 712 715 721 718
f 718 721 727 724
f 724 727 733 730
f 730 733 739 736
f 736 739 745 742
f 742 745 751 748
f 748 751 757 754
f 754 757 763 760
f 760 763 769 766
f 766 769 775 772
f 772 775 781 778
f 778 781 787 784
f 784 787 793 790
f 790 793 799 796
f 796 799 805 802
f 802 805 811 808
f 808 811 817 814
f 814 817 823 820
f 820 823 829 826
f 826 829 835 832
f 832 835 841 838
f 838 841 847 844
f 844 847 853 850
f 850 853 859 856
f 856 859 865 862
f 862 865 871 868
f 868 871 877 874
f 874 877 883 880
f 880 883 889 886
f 886 889 895 892
f 892 895 901 898
f 898 901 907 904
f 904 907 913 910
f 910 913 919 916
f 640 643 649 646
f 642 636 918 912 906 900 894 888 882 876 870 864 858 852 846 840 834 828 822 816 810 804 798 792 786 780 774 768 762 756 750 744 738 732 726 720 714 708 702 696 690 684 678 672 666 660 654 648
f 634 637 643 640
f 634 640 641 635
f 635 641 639 633
f 643 637 638 644
f 644 638 636 642
f 640 646 647 641
f 641 647 645 639
f 649 643 644 650
f 650 644 642 648
f 646 652 653 647
f 647 653 651 645
f 655 649 650 656
f 656 650 648 654
f 652 658 659 653
f 653 659 657 651
f 661 655 656 662
f 662 656 654 660
f 658 664 665 659
f 659 665 663 657
f 667 661 662 668
f 668 662 660 666
f 664 670 671 665
f 665 671 669 663
f 673 667 668 674
f 674 668 666 672
f 670 676 677 671
f 671 677 675 669
f 679 673 674 680
f 680 674 672 678
f 676 682 683 677
f 677 683 681 675
f 685 679 680 686
f 686 680 678 684
f 682 688 689 683
f 683 689 687 681
f 691 685 686 692
f 692 686 684 690
f 688 694 695 689
f 689 695 693 687
f 697 691 692 698
f 698 692 690 696
f 694 700 701 695
f 695 701 699 693
f 703 697 698 704
f 704 698 696 702
f 700 706 707 701
f 701 707 705 699
f 709 703 704 710
f 710 704 702 708
f 706 712 713 707
f 707 713 711 705
f 715 709 710 716
f 716 710 708 714
f 712 718 719 713
f 713 719 717 711
f 721 715 716 722
f 722 716 714 720
f 718 724 725 719
f 719 725 723 717
f 727 721 722 728
f 728 722 720 726
f 724 730 731 725
f 725 731 729 723
f 733 727 728 734
f 734 728 726 732
f 730 736 737 731
f 731 737 735 729
f 739 733 734 740
f 740 734 732 738
f 736 742 743 737
f 737 743 741 735
f 745 739 740 746
f 746 740 738 744
f 742 748 749 743
f 743 749 747 741
f 751 745 746 752
f 752 746 744 750
f 748 754 755 749
f 749 755 753 747
f 757 751 752 758
f 758 752 750 756
f 754 760 761 755
f 755 761 759 753
f 763 757 758 764
f 764 758 756 762
f 760 766 767 761
f 761 767 765 759
f 769 763 764 770
f 770 764 762 768
f 766 772 773 767
f 767 773 771 765
f 775 769 770 776
f 776 770 768 774
f 772 778 779 773
f 773 779 777 771
f 781 775 776 782
f 782 776 774 780
f 778 784 785 779
f 779 785 783 777
f 787 781 782 788
f 788 782 780 786
f 784 790 791 785
f 785 791 789 783
f 793 787 788 794
f 794 788 786 792
f 790 796 797 791
f 791 797 795 789
f 799 793 794 800
f 800 794 792 798
f 796 802 803 797
f 797 803 801 795
f 805 799 800 806
f 806 800 798 804
f 802 808 809 803
f 803 809 807 801
f 811 805 806 812
f 812 806 804 810
f 808 814 815 809
f 809 815 813 807
f 817 811 812 818
f 818 812 810 816
f 814 820 821 815
f 815 821 819 813
f 823 817 818 824
f 824 818 816 822
f 820 826 827 821
f 821 827 825 819
f 829 823 824 830
f 830 824 822 828
f 826 832 833 827
f 827 833 831 825
f 835 829 830 836
f 836 830 828 834
f 832 838 839 833
f 833 839 837 831
f 841 835 836 842
f 842 836 834 840
f 838 844 845 839
f 839 845 843 837
f 847 841 842 848
f 848 842 840 846
f 844 850 851 845
f 845 851 849 843
f 853 847 848 854
f 854 848 846 852
f 850 856 857 851
f 851 857 855 849
f 859 853 854 860
f 860 854 852 858
f 856 862 863 857
f 857 863 861 855
f 865 859 860 866
f 866 860 858 864
f 862 868 869 863
f 863 869 867 861
f 871 865 866 872
f 872 866 864 870
f 868 874 875 869
f 869 875 873 867
f 877 871 872 878
f 878 872 870 876
f 874 880 881 875
f 875 881 879 873
f 883 877 878 884
f 884 878 876 882
f 880 886 887 881
f 881 887 885 879
f 889 883 884 890
f 890 884 882 888
f 886 892 893 887
f 887 893 891 885
f 895 889 890 896
f 896 890 888 894
f 892 898 899 893
f 893 899 897 891
f 901 895 896 902
f 902 896 894 900
f 898 904 905 899
f 899 905 903 897
f 907 901 902 908
f 908 902 900 906
f 904 910 911 905
f 905 911 909 903
f 913 907 908 914
f 914 908 906 912
f 910 916 917 911
f 911 917 915 909
f 919 913 914 920
f 920 914 912 918
f 916 634 635 917
f 917 635 633 915
f 637 919 920 638
f 638 920 918 636
f 633 639 645 651 657 663 669 675 681 687 693 699 705 711 717 723 729 735 741 747 753 759 765 771 777 783 789 795 801 807 813 819 825 831 837 843 849 855 861 867 873 879 885 891 897 903 909 915
o Optical_window.001
usemtl window
v 0 0.048227638 -0.0360000134
v 0 0.0539999902 -0.0302400589
v 0 0.0523093045 -0.0343129635
v 0 0.048227638 0.0360000134
v 0 0.0539999902 0.0302400589
v 0 0.0523093045 0.0343129635
v 0.00629499555 0.0478150547 -0.0360000134
v 0.00704842806 0.0535380244 -0.0302400589
v 0.00682774186 0.0518617928 -0.0343129635
v 0.00629499555 0.0478150547 0.0360000134
v 0.00704842806 0.0535380244 0.0302400589
v 0.00682774186 0.0518617928 0.0343129635
v 0.0124822259 0.0465843379 -0.0360000134
v 0.0139762163 0.0521599948 -0.0302400589
v 0.0135386288 0.050526917 -0.0343129635
v 0.0124822259 0.0465843379 0.0360000134
v 0.0139762163 0.0521599948 0.0302400589
v 0.0135386288 0.050526917 0.0343129635
v 0.0184559226 0.0445565283 -0.0360000134
v 0.0206649005 0.0498895049 -0.0302400589
v 0.0200179219 0.0483275056 -0.0343129635
v 0.0184559226 0.0445565283 0.0360000134
v 0.0206649005 0.0498895049 0.0302400589
v 0.0200179219 0.0483275056 0.0343129635
v 0.0241138339 0.0417663455 -0.0360000134
v 0.02700001 0.0467653871 -0.0302400589
v 0.0261546671 0.045301199 -0.0343129635
v 0.0241138339 0.0417663455 0.0360000134
v 0.02700001 0.0467653871 0.0302400589
v 0.0261546671 0.045301199 0.0343129635
v 0.0293591022 0.0382615626 -0.0360000134
v 0.0328731239 0.0428410769 -0.0302400589
v 0.0318439007 0.0414997637 -0.0343129635
v 0.0293591022 0.0382615626 0.0360000134
v 0.0328731239 0.0428410769 0.0302400589
v 0.0318439007 0.0414997637 0.0343129635
v 0.0341020823 0.0341020823 -0.0360000134
v 0.0381837785 0.0381837785 -0.0302400589
v 0.0369882584 0.0369882584 -0.0343129635
v 0.0341020823 0.0341020823 0.0360000134
v 0.0381837785 0.0381837785 0.0302400589
v 0.0369882584 0.0369882584 0.0343129635
v 0.0382615626 0.0293591022 -0.0360000134
v 0.0428410769 0.0328731239 -0.0302400589
v 0.0414997637 0.0318439007 -0.0343129635
v 0.0382615626 0.0293591022 0.0360000134
v 0.0428410769 0.0328731239 0.0302400589
v 0.0414997637 0.0318439007 0.0343129635
v 0.0417663455 0.0241138339 -0.0360000134
v 0.0467653871 0.02700001 -0.0302400589
v 0.045301199 0.0261546671 -0.0343129635
v 0.0417663455 0.0241138339 0.0360000134
v 0.0467653871 0.02700001 0.0302400589
v 0.045301199 0.0261546671 0.0343129635
v 0.0445565283 0.0184559226 -0.0360000134
v 0.0498895049 0.0206649005 -0.0302400589
v 0.0483275056 0.0200179219 -0.0343129635
v 0.0445565283 0.0184559226 0.0360000134
v 0.0498895049 0.0206649005 0.0302400589
v 0.0483275056 0.0200179219 0.0343129635
v 0.0465843379 0.0124822259 -0.0360000134
v 0.052159965 0.0139762163 -0.0302400589
v 0.050526917 0.0135386288 -0.0343129635
v 0.0465843379 0.0124822259 0.0360000134
v 0.052159965 0.0139762163 0.0302400589
v 0.050526917 0.0135386288 0.0343129635
v 0.0478150547 0.00629499555 -0.0360000134
v 0.0535380244 0.00704842806 -0.0302400589
v 0.0518618226 0.00682774186 -0.0343129635
v 0.0478150547 0.00629499555 0.0360000134
v 0.0535380244 0.00704842806 0.0302400589
v 0.0518618226 0.00682774186 0.0343129635
v 0.048227638 0 -0.0360000134
v 0.05400002 0 -0.0302400589
v 0.0523093343 0 -0.0343129635
v 0.048227638 0 0.0360000134
v 0.05400002 0 0.0302400589
v 0.0523093343 0 0.0343129635
v 0.0478150547 -0.00629499555 -0.0360000134
v 0.0535380244 -0.00704841316 -0.0302400589
v 0.0518618226 -0.00682774186 -0.0343129635
v 0.0478150547 -0.00629499555 0.0360000134
v 0.0535380244 -0.00704841316 0.0302400589
v 0.0518618226 -0.00682774186 0.0343129635
v 0.0465843379 -0.0124822259 -0.0360000134
v 0.052159965 -0.0139762312 -0.0302400589
v 0.050526917 -0.0135386437 -0.0343129635
v 0.0465843379 -0.0124822259 0.0360000134
v 0.052159965 -0.0139762312 0.0302400589
v 0.050526917 -0.0135386437 0.0343129635
v 0.0445565283 -0.0184559226 -0.0360000134
v 0.0498895049 -0.0206649005 -0.0302400589
v 0.0483275056 -0.020017907 -0.0343129635
v 0.0445565283 -0.0184559226 0.0360000134
v 0.0498895049 -0.0206649005 0.0302400589
v 0.0483275056 -0.020017907 0.0343129635
v 0.0417663455 -0.024113819 -0.0360000134
v 0.0467653871 -0.0269999951 -0.0302400589
v 0.045301199 -0.0261546671 -0.0343129635
v 0.0417663455 -0.024113819 0.0360000134
v 0.0467653871 -0.0269999951 0.0302400589
v 0.045301199 -0.0261546671 0.0343129635
v 0.0382615626 -0.0293591172 -0.0360000134
v 0.0428410769 -0.0328731239 -0.0302400589
v 0.0414997637 -0.0318439007 -0.0343129635
v 0.0382615626 -0.0293591172 0.0360000134
v 0.0428410769 -0.0328731239 0.0302400589
v 0.0414997637 -0.0318439007 0.0343129635
v 0.0341020823 -0.0341020972 -0.0360000134
v 0.0381837785 -0.0381837636 -0.0302400589
v 0.0369882584 -0.0369882733 -0.0343129635
v 0.0341020823 -0.0341020972 0.0360000134
v 0.0381837785 -0.0381837636 0.0302400589
v 0.0369882584 -0.0369882733 0.0343129635
v 0.0293591022 -0.0382615626 -0.0360000134
v 0.0328731239 -0.0428410769 -0.0302400589
v 0.0318439007 -0.0414997786 -0.0343129635
v 0.0293591022 -0.0382615626 0.0360000134
v 0.0328731239 -0.0428410769 0.0302400589
v 0.0318439007 -0.0414997786 0.0343129635
v 0.0241138339 -0.0417663604 -0.0360000134
v 0.02700001 -0.0467653722 -0.0302400589
v 0.0261546671 -0.045301199 -0.0343129635
v 0.0241138339 -0.0417663604 0.0360000134
v 0.02700001 -0.0467653722 0.0302400589
v 0.0261546671 -0.045301199 0.0343129635
v 0.0184559226 -0.0445565283 -0.0360000134
v 0.0206649005 -0.04988949 -0.0302400589
v 0.0200179219 -0.0483275056 -0.0343129635
v 0.0184559226 -0.0445565283 0.0360000134
v 0.0206649005 -0.04988949 0.0302400589
v 0.0200179219 -0.0483275056 0.0343129635
v 0.0124822259 -0.046584323 -0.0360000134
v 0.0139762163 -0.0521599948 -0.0302400589
v 0.0135386288 -0.050526917 -0.0343129635
v 0.0124822259 -0.046584323 0.0360000134
v 0.0139762163 -0.0521599948 0.0302400589
v 0.0135386288 -0.050526917 0.0343129635
v 0.00629499555 -0.0478150547 -0.0360000134
v 0.00704842806 -0.0535380244 -0.0302400589
v 0.00682774186 -0.0518618077 -0.0343129635
v 0.00629499555 -0.0478150547 0.0360000134
v 0.00704842806 -0.0535380244 0.0302400589
v 0.00682774186 -0.0518618077 0.0343129635
v 0 -0.048227638 -0.0360000134
v 0 -0.0540000051 -0.0302400589
v 0 -0.0523093194 -0.0343129635
v 0 -0.048227638 0.0360000134
v 0 -0.0540000051 0.0302400589
v 0 -0.0523093194 0.0343129635
v -0.00629499555 -0.0478150547 -0.0360000134
v -0.00704842806 -0.0535380244 -0.0302400589
v -0.00682774186 -0.0518618077 -0.0343129635
v -0.00629499555 -0.0478150547 0.0360000134
v -0.00704842806 -0.0535380244 0.0302400589
v -0.00682774186 -0.0518618077 0.0343129635
v -0.0124822259 -0.046584323 -0.0360000134
v -0.0139762163 -0.0521599948 -0.0302400589
v -0.0135386288 -0.050526917 -0.0343129635
v -0.0124822259 -0.046584323 0.0360000134
v -0.0139762163 -0.0521599948 0.0302400589
v -0.0135386288 -0.050526917 0.0343129635
v -0.0184559226 -0.0445565283 -0.0360000134
v -0.0206649005 -0.04988949 -0.0302400589
v -0.0200179219 -0.0483275056 -0.0343129635
v -0.0184559226 -0.0445565283 0.0360000134
v -0.0206649005 -0.04988949 0.0302400589
v -0.0200179219 -0.0483275056 0.0343129635
v -0.0241138339 -0.0417663604 -0.0360000134
v -0.02700001 -0.0467653722 -0.0302400589
v -0.0261546671 -0.045301199 -0.0343129635
v -0.0241138339 -0.0417663604 0.0360000134
v -0.02700001 -0.0467653722 0.0302400589
v -0.0261546671 -0.045301199 0.0343129635
v -0.0293591022 -0.0382615626 -0.0360000134
v -0.0328731239 -0.0428410769 -0.0302400589
v -0.0318439007 -0.0414997786 -0.0343129635
v -0.0293591022 -0.0382615626 0.0360000134
v -0.0328731239 -0.0428410769 0.0302400589
v -0.0318439007 -0.0414997786 0.0343129635
v -0.0341020823 -0.0341020972 -0.0360000134
v -0.0381837785 -0.0381837636 -0.0302400589
v -0.0369882584 -0.0369882733 -0.0343129635
v -0.0341020823 -0.0341020972 0.0360000134
v -0.0381837785 -0.0381837636 0.0302400589
v -0.0369882584 -0.0369882733 0.0343129635
v -0.0382615626 -0.0293591172 -0.0360000134
v -0.0428410769 -0.0328731239 -0.0302400589
v -0.0414997637 -0.0318439007 -0.0343129635
v -0.0382615626 -0.0293591172 0.0360000134
v -0.0428410769 -0.0328731239 0.0302400589
v -0.0414997637 -0.0318439007 0.0343129635
v -0.0417663455 -0.024113819 -0.0360000134
v -0.0467653871 -0.0269999951 -0.0302400589
v -0.045301199 -0.0261546671 -0.0343129635
v -0.0417663455 -0.024113819 0.0360000134
v -0.0467653871 -0.0269999951 0.0302400589
v -0.045301199 -0.0261546671 0.0343129635
v -0.0445565283 -0.0184559226 -0.0360000134
v -0.0498895049 -0.0206649005 -0.0302400589
v -0.0483275056 -0.020017907 -0.0343129635
v -0.0445565283 -0.0184559226 0.0360000134
v -0.0498895049 -0.0206649005 0.0302400589
v -0.0483275056 -0.020017907 0.0343129635
v -0.0465843379 -0.0124822259 -0.0360000134
v -0.0521599948 -0.0139762312 -0.0302400589
v -0.050526917 -0.0135386437 -0.0343129635
v -0.0465843379 -0.0124822259 0.0360000134
v -0.0521599948 -0.0139762312 0.0302400589
v -0.050526917 -0.0135386437 0.0343129635
v -0.0478150547 -0.00629499555 -0.0360000134
v -0.0535380244 -0.00704841316 -0.0302400589
v -0.0518617928 -0.00682774186 -0.0343129635
v -0.0478150547 -0.00629499555 0.0360000134
v -0.0535380244 -0.00704841316 0.0302400589
v -0.0518617928 -0.00682774186 0.0343129635
v -0.048227638 0 -0.0360000134
v -0.0539999902 0 -0.0302400589
v -0.0523093045 0 -0.0343129635
v -0.048227638 0 0.0360000134
v -0.0539999902 0 0.0302400589
v -0.0523093045 0 0.0343129635
v -0.0478150547 0.00629499555 -0.0360000134
v -0.0535380244 0.00704842806 -0.0302400589
v -0.0518617928 0.00682774186 -0.0343129635
v -0.0478150547 0.00629499555 0.0360000134
v -0.0535380244 0.00704842806 0.0302400589
v -0.0518617928 0.00682774186 0.0343129635
v -0.0465843379 0.0124822259 -0.0360000134
v -0.0521599948 0.0139762163 -0.0302400589
v -0.050526917 0.0135386288 -0.0343129635
v -0.0465843379 0.0124822259 0.0360000134
v -0.0521599948 0.0139762163 0.0302400589
v -0.050526917 0.0135386288 0.0343129635
v -0.0445565283 0.0184559226 -0.0360000134
v -0.0498895049 0.0206649005 -0.0302400589
v -0.0483275056 0.0200179219 -0.0343129635
v -0.0445565283 0.0184559226 0.0360000134
v -0.0498895049 0.0206649005 0.0302400589
v -0.0483275056 0.0200179219 0.0343129635
v -0.0417663455 0.0241138339 -0.0360000134
v -0.0467653871 0.02700001 -0.0302400589
v -0.045301199 0.0261546671 -0.0343129635
v -0.0417663455 0.0241138339 0.0360000134
v -0.0467653871 0.02700001 0.0302400589
v -0.045301199 0.0261546671 0.0343129635
v -0.0382615626 0.0293591022 -0.0360000134
v -0.0428410769 0.0328731239 -0.0302400589
v -0.0414997637 0.0318439007 -0.0343129635
v -0.0382615626 0.0293591022 0.0360000134
v -0.0428410769 0.0328731239 0.0302400589
v -0.0414997637 0.0318439007 0.0343129635
v -0.0341020823 0.0341020823 -0.0360000134
v -0.0381837785 0.0381837785 -0.0302400589
v -0.0369882584 0.0369882584 -0.0343129635
v -0.0341020823 0.0341020823 0.0360000134
v -0.0381837785 0.0381837785 0.0302400589
v -0.0369882584 0.0369882584 0.0343129635
v -0.0293591022 0.0382615626 -0.0360000134
v -0.0328731239 0.0428410769 -0.0302400589
v -0.0318439007 0.0414997637 -0.0343129635
v -0.0293591022 0.0382615626 0.0360000134
v -0.0328731239 0.0428410769 0.0302400589
v -0.0318439007 0.0414997637 0.0343129635
v -0.0241138339 0.0417663455 -0.0360000134
v -0.02700001 0.0467653871 -0.0302400589
v -0.0261546671 0.045301199 -0.0343129635
v -0.0241138339 0.0417663455 0.0360000134
v -0.02700001 0.0467653871 0.0302400589
v -0.0261546671 0.045301199 0.0343129635
v -0.0184559226 0.0445565283 -0.0360000134
v -0.0206649005 0.0498895049 -0.0302400589
v -0.0200179219 0.0483275056 -0.0343129635
v -0.0184559226 0.0445565283 0.0360000134
v -0.0206649005 0.0498895049 0.0302400589
v -0.0200179219 0.0483275056 0.0343129635
v -0.0124822259 0.0465843379 -0.0360000134
v -0.0139762163 0.0521599948 -0.0302400589
v -0.0135386288 0.050526917 -0.0343129635
v -0.0124822259 0.0465843379 0.0360000134
v -0.0139762163 0.0521599948 0.0302400589
v -0.0135386288 0.050526917 0.0343129635
v -0.00629499555 0.0478150547 -0.0360000134
v -0.00704842806 0.0535380244 -0.0302400589
v -0.00682774186 0.0518617928 -0.0343129635
v -0.00629499555 0.0478150547 0.0360000134
v -0.00704842806 0.0535380244 0.0302400589
v -0.00682774186 0.0518617928 0.0343129635
f 1204 1207 925 922
f 934 937 943 940
f 940 943 949 946
f 946 949 955 952
f 952 955 961 958
f 958 961 967 964
f 964 967 973 970
f 970 973 979 976
f 976 979 985 982
f 982 985 991 988
f 988 991 997 994
f 994 997 1003 1000
f 1000 1003 1009 1006
f 1006 1009 1015 1012
f 1012 1015 1021 1018
f 1018 1021 1027 1024
f 1024 1027 1033 1030
f 1030 1033 1039 1036
f 1036 1039 1045 1042
f 1042 1045 1051 1048
f 1048 1051 1057 1054
f 1054 1057 1063 1060
f 1060 1063 1069 1066
f 1066 1069 1075 1072
f 1072 1075 1081 1078
f 1078 1081 1087 1084
f 1084 1087 1093 1090
f 1090 1093 1099 1096
f 1096 1099 1105 1102
f 1102 1105 1111 1108
f 1108 1111 1117 1114
f 1114 1117 1123 1120
f 1120 1123 1129 1126
f 1126 1129 1135 1132
f 1132 1135 1141 1138
f 1138 1141 1147 1144
f 1144 1147 1153 1150
f 1150 1153 1159 1156
f 1156 1159 1165 1162
f 1162 1165 1171 1168
f 1168 1171 1177 1174
f 1174 1177 1183 1180
f 1180 1183 1189 1186
f 1186 1189 1195 1192
f 1192 1195 1201 1198
f 1198 1201 1207 1204
f 928 931 937 934
f 930 924 1206 1200 1194 1188 1182 1176 1170 1164 1158 1152 1146 1140 1134 1128 1122 1116 1110 1104 1098 1092 1086 1080 1074 1068 1062 1056 1050 1044 1038 1032 1026 1020 1014 1008 1002 996 990 984 978 972 966 960 954 948 942 936
f 922 925 931 928
f 922 928 929 923
f 923 929 927 921
f 931 925 926 932
f 932 926 924 930
f 928 934 935 929
f 929 935 933 927
f 937 931 932 938
f 938 932 930 936
f 934 940 941 935
f 935 941 939 933
f 943 937 938 944
f 944 938 936 942
f 940 946 947 941
f 941 947 945 939
f 949 943 944 950
f 950 944 942 948
f 946 952 953 947
f 947 953 951 945
f 955 949 950 956
f 956 950 948 954
f 952 958 959 953
f 953 959 957 951
f 961 955 956 962
f 962 956 954 960
f 958 964 965 959
f 959 965 963 957
f 967 961 962 968
f 968 962 960 966
f 964 970 971 965
f 965 971 969 963
f 973 967 968 974
f 974 968 966 972
f 970 976 977 971
f 971 977 975 969
f 979 973 974 980
f 980 974 972 978
f 976 982 983 977
f 977 983 981 975
f 985 979 980 986
f 986 980 978 984
f 982 988 989 983
f 983 989 987 981
f 991 985 986 992
f 992 986 984 990
f 988 994 995 989
f 989 995 993 987
f 997 991 992 998
f 998 992 990 996
f 994 1000 1001 995
f 995 1001 999 993
f 1003 997 998 1004
f 1004 998 996 1002
f 1000 1006 1007 1001
f 1001 1007 1005 999
f 1009 1003 1004 1010
f 1010 1004 1002 1008
f 1006 1012 1013 1007
f 1007 1013 1011 1005
f 1015 1009 1010 1016
f 1016 1010 1008 1014
f 1012 1018 1019 1013
f 1013 1019 1017 1011
f 1021 1015 1016 1022
f 1022 1016 1014 1020
f 1018 1024 1025 1019
f 1019 1025 1023 1017
f 1027 1021 1022 1028
f 1028 1022 1020 1026
f 1024 1030 1031 1025
f 1025 1031 1029 1023
f 1033 1027 1028 1034
f 1034 1028 1026 1032
f 1030 1036 1037 1031
f 1031 1037 1035 1029
f 1039 1033 1034 1040
f 1040 1034 1032 1038
f 1036 1042 1043 1037
f 1037 1043 1041 1035
f 1045 1039 1040 1046
f 1046 1040 1038 1044
f 1042 1048 1049 1043
f 1043 1049 1047 1041
f 1051 1045 1046 1052
f 1052 1046 1044 1050
f 1048 1054 1055 1049
f 1049 1055 1053 1047
f 1057 1051 1052 1058
f 1058 1052 1050 1056
f 1054 1060 1061 1055
f 1055 1061 1059 1053
f 1063 1057 1058 1064
f 1064 1058 1056 1062
f 1060 1066 1067 1061
f 1061 1067 1065 1059
f 1069 1063 1064 1070
f 1070 1064 1062 1068
f 1066 1072 1073 1067
f 1067 1073 1071 1065
f 1075 1069 1070 1076
f 1076 1070 1068 1074
f 1072 1078 1079 1073
f 1073 1079 1077 1071
f 1081 1075 1076 1082
f 1082 1076 1074 1080
f 1078 1084 1085 1079
f 1079 1085 1083 1077
f 1087 1081 1082 1088
f 1088 1082 1080 1086
f 1084 1090 1091 1085
f 1085 1091 1089 1083
f 1093 1087 1088 1094
f 1094 1088 1086 1092
f 1090 1096 1097 1091
f 1091 1097 1095 1089
f 1099 1093 1094 1100
f 1100 1094 1092 1098
f 1096 1102 1103 1097
f 1097 1103 1101 1095
f 1105 1099 1100 1106
f 1106 1100 1098 1104
f 1102 1108 1109 1103
f 1103 1109 1107 1101
f 1111 1105 1106 1112
f 1112 1106 1104 1110
f 1108 1114 1115 1109
f 1109 1115 1113 1107
f 1117 1111 1112 1118
f 1118 1112 1110 1116
f 1114 1120 1121 1115
f 1115 1121 1119 1113
f 1123 1117 1118 1124
f 1124 1118 1116 1122
f 1120 1126 1127 1121
f 1121 1127 1125 1119
f 1129 1123 1124 1130
f 1130 1124 1122 1128
f 1126 1132 1133 1127
f 1127 1133 1131 1125
f 1135 1129 1130 1136
f 1136 1130 1128 1134
f 1132 1138 1139 1133
f 1133 1139 1137 1131
f 1141 1135 1136 1142
f 1142 1136 1134 1140
f 1138 1144 1145 1139
f 1139 1145 1143 1137
f 1147 1141 1142 1148
f 1148 1142 1140 1146
f 1144 1150 1151 1145
f 1145 1151 1149 1143
f 1153 1147 1148 1154
f 1154 1148 1146 1152
f 1150 1156 1157 1151
f 1151 1157 1155 1149
f 1159 1153 1154 1160
f 1160 1154 1152 1158
f 1156 1162 1163 1157
f 1157 1163 1161 1155
f 1165 1159 1160 1166
f 1166 1160 1158 1164
f 1162 1168 1169 1163
f 1163 1169 1167 1161
f 1171 1165 1166 1172
f 1172 1166 1164 1170
f 1168 1174 1175 1169
f 1169 1175 1173 1167
f 1177 1171 1172 1178
f 1178 1172 1170 1176
f 1174 1180 1181 1175
f 1175 1181 1179 1173
f 1183 1177 1178 1184
f 1184 1178 1176 1182
f 1180 1186 1187 1181
f 1181 1187 1185 1179
f 1189 1183 1184 1190
f 1190 1184 1182 1188
f 1186 1192 1193 1187
f 1187 1193 1191 1185
f 1195 1189 1190 1196
f 1196 1190 1188 1194
f 1192 1198 1199 1193
f 1193 1199 1197 1191
f 1201 1195 1196 1202
f 1202 1196 1194 1200
f 1198 1204 1205 1199
f 1199 1205 1203 1197
f 1207 1201 1202 1208
f 1208 1202 1200 1206
f 1204 922 923 1205
f 1205 923 921 1203
f 925 1207 1208 926
f 926 1208 1206 924
f 921 927 933 939 945 951 957 963 969 975 981 987 993 999 1005 1011 1017 1023 1029 1035 1041 1047 1053 1059 1065 1071 1077 1083 1089 1095 1101 1107 1113 1119 1125 1131 1137 1143 1149 1155 1161 1167 1173 1179 1185 1191 1197 1203
o Top_cap.001
usemtl white
v 0 0.0578965545 0.0360000134
v 0 0.0595000088 0.0376000404
v 0 0.059030354 0.0364687443
v 0 0.0578965545 0.0559999943
v 0 0.0595000088 0.0543999672
v 0 0.059030354 0.0555312634
v 0.00755700469 0.0574012399 0.0360000134
v 0.0077663064 0.0589909554 0.0376000404
v 0.00770500302 0.0585253537 0.0364687443
v 0.00755700469 0.0574012399 0.0559999943
v 0.0077663064 0.0589909554 0.0543999672
v 0.00770500302 0.0585253537 0.0555312634
v 0.0149847567 0.0559237897 0.0360000134
v 0.0153997242 0.0574725866 0.0376000404
v 0.0152781904 0.0570189655 0.0364687443
v 0.0149847567 0.0559237897 0.0559999943
v 0.0153997242 0.0574725866 0.0543999672
v 0.0152781904 0.0570189655 0.0555312634
v 0.0221560597 0.0534894466 0.0360000134
v 0.0227696598 0.0549708307 0.0376000404
v 0.0225899518 0.0545369387 0.0364687443
v 0.0221560597 0.0534894466 0.0559999943
v 0.0227696598 0.0549708307 0.0543999672
v 0.0225899518 0.0545369387 0.0555312634
v 0.028948307 0.050139904 0.0360000134
v 0.0297499895 0.0515285134 0.0376000404
v 0.029515177 0.0511218011 0.0364687443
v 0.028948307 0.050139904 0.0559999943
v 0.0297499895 0.0515285134 0.0543999672
v 0.029515177 0.0511218011 0.0555312634
v 0.0352451801 0.0459324419 0.0360000134
v 0.0362212956 0.0472045243 0.0376000404
v 0.0359354019 0.0468319356 0.0364687443
v 0.0352451801 0.0459324419 0.0559999943
v 0.0362212956 0.0472045243 0.0543999672
v 0.0359354019 0.0468319356 0.0555312634
v 0.0409390628 0.0409390628 0.0360000134
v 0.0420728624 0.0420728624 0.0376000404
v 0.0417407751 0.0417407751 0.0364687443
v 0.0409390628 0.0409390628 0.0559999943
v 0.0420728624 0.0420728624 0.0543999672
v 0.0417407751 0.0417407751 0.0555312634
v 0.0459324419 0.0352451801 0.0360000134
v 0.0472045243 0.0362212956 0.0376000404
v 0.0468319356 0.0359354019 0.0364687443
v 0.0459324419 0.0352451801 0.0559999943
v 0.0472045243 0.0362212956 0.0543999672
v 0.0468319356 0.0359354019 0.0555312634
v 0.050139904 0.028948307 0.0360000134
v 0.0515285134 0.0297499895 0.0376000404
v 0.0511217713 0.029515177 0.0364687443
v 0.050139904 0.028948307 0.0559999943
v 0.0515285134 0.0297499895 0.0543999672
v 0.0511217713 0.029515177 0.0555312634
v 0.0534894466 0.0221560597 0.0360000134
v 0.0549708009 0.0227696598 0.0376000404
v 0.0545369387 0.0225899518 0.0364687443
v 0.0534894466 0.0221560597 0.0559999943
v 0.0549708009 0.0227696598 0.0543999672
v 0.0545369387 0.0225899518 0.0555312634
v 0.0559237599 0.0149847567 0.0360000134
v 0.0574725866 0.0153997242 0.0376000404
v 0.0570189357 0.0152781904 0.0364687443
v 0.0559237599 0.0149847567 0.0559999943
v 0.0574725866 0.0153997242 0.0543999672
v 0.0570189357 0.0152781904 0.0555312634
v 0.0574012399 0.00755700469 0.0360000134
v 0.0589909554 0.0077663064 0.0376000404
v 0.0585253835 0.00770500302 0.0364687443
v 0.0574012399 0.00755700469 0.0559999943
v 0.0589909554 0.0077663064 0.0543999672
v 0.0585253835 0.00770500302 0.0555312634
v 0.0578965545 0 0.0360000134
v 0.059499979 0 0.0376000404
v 0.059030354 0 0.0364687443
v 0.0578965545 0 0.0559999943
v 0.059499979 0 0.0543999672
v 0.059030354 0 0.0555312634
v 0.0574012399 -0.00755701959 0.0360000134
v 0.0589909554 -0.0077663064 0.0376000404
v 0.0585253835 -0.00770500302 0.0364687443
v 0.0574012399 -0.00755701959 0.0559999943
v 0.0589909554 -0.0077663064 0.0543999672
v 0.0585253835 -0.00770500302 0.0555312634
v 0.0559237599 -0.0149847418 0.0360000134
v 0.0574725866 -0.0153997391 0.0376000404
v 0.0570189357 -0.0152781904 0.0364687443
v 0.0559237599 -0.0149847418 0.0559999943
v 0.0574725866 -0.0153997391 0.0543999672
v 0.0570189357 -0.0152781904 0.0555312634
v 0.0534894466 -0.0221560448 0.0360000134
v 0.0549708009 -0.0227696598 0.0376000404
v 0.0545369387 -0.0225899369 0.0364687443
v 0.0534894466 -0.0221560448 0.0559999943
v 0.0549708009 -0.0227696598 0.0543999672
v 0.0545369387 -0.0225899369 0.0555312634
v 0.050139904 -0.0289482921 0.0360000134
v 0.0515285134 -0.0297500044 0.0376000404
v 0.0511217713 -0.029515177 0.0364687443
v 0.050139904 -0.0289482921 0.0559999943
v 0.0515285134 -0.0297500044 0.0543999672
v 0.0511217713 -0.029515177 0.0555312634
v 0.0459324419 -0.0352451801 0.0360000134
v 0.0472045243 -0.0362213105 0.0376000404
v 0.0468319356 -0.0359354019 0.0364687443
v 0.0459324419 -0.0352451801 0.0559999943
v 0.0472045243 -0.0362213105 0.0543999672
v 0.0468319356 -0.0359354019 0.0555312634
v 0.0409390628 -0.0409390628 0.0360000134
v 0.0420728624 -0.0420728624 0.0376000404
v 0.0417407751 -0.0417407751 0.0364687443
v 0.0409390628 -0.0409390628 0.0559999943
v 0.0420728624 -0.0420728624 0.0543999672
v 0.0417407751 -0.0417407751 0.0555312634
v 0.0352451801 -0.0459324419 0.0360000134
v 0.0362212956 -0.0472045243 0.0376000404
v 0.0359354019 -0.0468319356 0.0364687443
v 0.0352451801 -0.0459324419 0.0559999943
v 0.0362212956 -0.0472045243 0.0543999672
v 0.0359354019 -0.0468319356 0.0555312634
v 0.028948307 -0.0501398891 0.0360000134
v 0.0297499895 -0.0515285134 0.0376000404
v 0.029515177 -0.0511218011 0.0364687443
v 0.028948307 -0.0501398891 0.0559999943
v 0.0297499895 -0.0515285134 0.0543999672
v 0.029515177 -0.0511218011 0.0555312634
v 0.0221560597 -0.0534894466 0.0360000134
v 0.0227696598 -0.0549708307 0.0376000404
v 0.0225899518 -0.0545369387 0.0364687443
v 0.0221560597 -0.0534894466 0.0559999943
v 0.0227696598 -0.0549708307 0.0543999672
v 0.0225899518 -0.0545369387 0.0555312634
v 0.0149847567 -0.0559237897 0.0360000134
v 0.0153997242 -0.0574725866 0.0376000404
v 0.0152781904 -0.0570189655 0.0364687443
v 0.0149847567 -0.0559237897 0.0559999943
v 0.0153997242 -0.0574725866 0.0543999672
v 0.0152781904 -0.0570189655 0.0555312634
v 0.00755700469 -0.0574012548 0.0360000134
v 0.0077663064 -0.0589909703 0.0376000404
v 0.00770500302 -0.0585253537 0.0364687443
v 0.00755700469 -0.0574012548 0.0559999943
v 0.0077663064 -0.0589909703 0.0543999672
v 0.00770500302 -0.0585253537 0.0555312634
v 0 -0.0578965694 0.0360000134
v 0 -0.0595000088 0.0376000404
v 0 -0.0590303689 0.0364687443
v 0 -0.0578965694 0.0559999943
v 0 -0.0595000088 0.0543999672
v 0 -0.0590303689 0.0555312634
v -0.00755700469 -0.0574012548 0.0360000134
v -0.0077663064 -0.0589909703 0.0376000404
v -0.00770500302 -0.0585253537 0.0364687443
v -0.00755700469 -0.0574012548 0.0559999943
v -0.0077663064 -0.0589909703 0.0543999672
v -0.00770500302 -0.0585253537 0.0555312634
v -0.0149847567 -0.0559237897 0.0360000134
v -0.0153997242 -0.0574725866 0.0376000404
v -0.0152781904 -0.0570189655 0.0364687443
v -0.0149847567 -0.0559237897 0.0559999943
v -0.0153997242 -0.0574725866 0.0543999672
v -0.0152781904 -0.0570189655 0.0555312634
v -0.0221560597 -0.0534894466 0.0360000134
v -0.0227696598 -0.0549708307 0.0376000404
v -0.0225899518 -0.0545369387 0.0364687443
v -0.0221560597 -0.0534894466 0.0559999943
v -0.0227696598 -0.0549708307 0.0543999672
v -0.0225899518 -0.0545369387 0.0555312634
v -0.028948307 -0.0501398891 0.0360000134
v -0.0297499895 -0.0515285134 0.0376000404
v -0.029515177 -0.0511218011 0.0364687443
v -0.028948307 -0.0501398891 0.0559999943
v -0.0297499895 -0.0515285134 0.0543999672
v -0.029515177 -0.0511218011 0.0555312634
v -0.0352451801 -0.0459324419 0.0360000134
v -0.0362212956 -0.0472045243 0.0376000404
v -0.0359354019 -0.0468319356 0.0364687443
v -0.0352451801 -0.0459324419 0.0559999943
v -0.0362212956 -0.0472045243 0.0543999672
v -0.0359354019 -0.0468319356 0.0555312634
v -0.0409390628 -0.0409390628 0.0360000134
v -0.0420728624 -0.0420728624 0.0376000404
v -0.0417407751 -0.0417407751 0.0364687443
v -0.0409390628 -0.0409390628 0.0559999943
v -0.0420728624 -0.0420728624 0.0543999672
v -0.0417407751 -0.0417407751 0.0555312634
v -0.0459324419 -0.0352451801 0.0360000134
v -0.0472045243 -0.0362213105 0.0376000404
v -0.0468319356 -0.0359354019 0.0364687443
v -0.0459324419 -0.0352451801 0.0559999943
v -0.0472045243 -0.0362213105 0.0543999672
v -0.0468319356 -0.0359354019 0.0555312634
v -0.050139904 -0.0289482921 0.0360000134
v -0.0515285134 -0.0297500044 0.0376000404
v -0.0511218011 -0.029515177 0.0364687443
v -0.050139904 -0.0289482921 0.0559999943
v -0.0515285134 -0.0297500044 0.0543999672
v -0.0511218011 -0.029515177 0.0555312634
v -0.0534894466 -0.0221560448 0.0360000134
v -0.0549708307 -0.0227696598 0.0376000404
v -0.0545369387 -0.0225899369 0.0364687443
v -0.0534894466 -0.0221560448 0.0559999943
v -0.0549708307 -0.0227696598 0.0543999672
v -0.0545369387 -0.0225899369 0.0555312634
v -0.0559237897 -0.0149847418 0.0360000134
v -0.0574725866 -0.0153997391 0.0376000404
v -0.0570189655 -0.0152781904 0.0364687443
v -0.0559237897 -0.0149847418 0.0559999943
v -0.0574725866 -0.0153997391 0.0543999672
v -0.0570189655 -0.0152781904 0.0555312634
v -0.0574012399 -0.00755701959 0.0360000134
v -0.0589909554 -0.0077663064 0.0376000404
v -0.0585253537 -0.00770500302 0.0364687443
v -0.0574012399 -0.00755701959 0.0559999943
v -0.0589909554 -0.0077663064 0.0543999672
v -0.0585253537 -0.00770500302 0.0555312634
v -0.0578965545 0 0.0360000134
v -0.0595000088 0 0.0376000404
v -0.059030354 0 0.0364687443
v -0.0578965545 0 0.0559999943
v -0.0595000088 0 0.0543999672
v -0.059030354 0 0.0555312634
v -0.0574012399 0.00755700469 0.0360000134
v -0.0589909554 0.0077663064 0.0376000404
v -0.0585253537 0.00770500302 0.0364687443
v -0.0574012399 0.00755700469 0.0559999943
v -0.0589909554 0.0077663064 0.0543999672
v -0.0585253537 0.00770500302 0.0555312634
v -0.0559237897 0.0149847567 0.0360000134
v -0.0574725866 0.0153997242 0.0376000404
v -0.0570189655 0.0152781904 0.0364687443
v -0.0559237897 0.0149847567 0.0559999943
v -0.0574725866 0.0153997242 0.0543999672
v -0.0570189655 0.0152781904 0.0555312634
v -0.0534894466 0.0221560597 0.0360000134
v -0.0549708307 0.0227696598 0.0376000404
v -0.0545369387 0.0225899518 0.0364687443
v -0.0534894466 0.0221560597 0.0559999943
v -0.0549708307 0.0227696598 0.0543999672
v -0.0545369387 0.0225899518 0.0555312634
v -0.050139904 0.028948307 0.0360000134
v -0.0515285134 0.0297499895 0.0376000404
v -0.0511218011 0.029515177 0.0364687443
v -0.050139904 0.028948307 0.0559999943
v -0.0515285134 0.0297499895 0.0543999672
v -0.0511218011 0.029515177 0.0555312634
v -0.0459324419 0.0352451801 0.0360000134
v -0.0472045243 0.0362212956 0.0376000404
v -0.0468319356 0.0359354019 0.0364687443
v -0.0459324419 0.0352451801 0.0559999943
v -0.0472045243 0.0362212956 0.0543999672
v -0.0468319356 0.0359354019 0.0555312634
v -0.0409390628 0.0409390628 0.0360000134
v -0.0420728624 0.0420728624 0.0376000404
v -0.0417407751 0.0417407751 0.0364687443
v -0.0409390628 0.0409390628 0.0559999943
v -0.0420728624 0.0420728624 0.0543999672
v -0.0417407751 0.0417407751 0.0555312634
v -0.0352451801 0.0459324419 0.0360000134
v -0.0362212956 0.0472045243 0.0376000404
v -0.0359354019 0.0468319356 0.0364687443
v -0.0352451801 0.0459324419 0.0559999943
v -0.0362212956 0.0472045243 0.0543999672
v -0.0359354019 0.0468319356 0.0555312634
v -0.028948307 0.050139904 0.0360000134
v -0.0297499895 0.0515285134 0.0376000404
v -0.029515177 0.0511218011 0.0364687443
v -0.028948307 0.050139904 0.0559999943
v -0.0297499895 0.0515285134 0.0543999672
v -0.029515177 0.0511218011 0.0555312634
v -0.0221560597 0.0534894466 0.0360000134
v -0.0227696598 0.0549708307 0.0376000404
v -0.0225899518 0.0545369387 0.0364687443
v -0.0221560597 0.0534894466 0.0559999943
v -0.0227696598 0.0549708307 0.0543999672
v -0.0225899518 0.0545369387 0.0555312634
v -0.0149847567 0.0559237897 0.0360000134
v -0.0153997242 0.0574725866 0.0376000404
v -0.0152781904 0.0570189655 0.0364687443
v -0.0149847567 0.0559237897 0.0559999943
v -0.0153997242 0.0574725866 0.0543999672
v -0.0152781904 0.0570189655 0.0555312634
v -0.00755700469 0.0574012399 0.0360000134
v -0.0077663064 0.0589909554 0.0376000404
v -0.00770500302 0.0585253537 0.0364687443
v -0.00755700469 0.0574012399 0.0559999943
v -0.0077663064 0.0589909554 0.0543999672
v -0.00770500302 0.0585253537 0.0555312634
f 1492 1495 1213 1210
f 1222 1225 1231 1228
f 1228 1231 1237 1234
f 1234 1237 1243 1240
f 1240 1243 1249 1246
f 1246 1249 1255 1252
f 1252 1255 1261 1258
f 1258 1261 1267 1264
f 1264 1267 1273 1270
f 1270 1273 1279 1276
f 1276 1279 1285 1282
f 1282 1285 1291 1288
f 1288 1291 1297 1294
f 1294 1297 1303 1300
f 1300 1303 1309 1306
f 1306 1309 1315 1312
f 1312 1315 1321 1318
f 1318 1321 1327 1324
f 1324 1327 1333 1330
f 1330 1333 1339 1336
f 1336 1339 1345 1342
f 1342 1345 1351 1348
f 1348 1351 1357 1354
f 1354 1357 1363 1360
f 1360 1363 1369 1366
f 1366 1369 1375 1372
f 1372 1375 1381 1378
f 1378 1381 1387 1384
f 1384 1387 1393 1390
f 1390 1393 1399 1396
f 1396 1399 1405 1402
f 1402 1405 1411 1408
f 1408 1411 1417 1414
f 1414 1417 1423 1420
f 1420 1423 1429 1426
f 1426 1429 1435 1432
f 1432 1435 1441 1438
f 1438 1441 1447 1444
f 1444 1447 1453 1450
f 1450 1453 1459 1456
f 1456 1459 1465 1462
f 1462 1465 1471 1468
f 1468 1471 1477 1474
f 1474 1477 1483 1480
f 1480 1483 1489 1486
f 1486 1489 1495 1492
f 1216 1219 1225 1222
f 1218 1212 1494 1488 1482 1476 1470 1464 1458 1452 1446 1440 1434 1428 1422 1416 1410 1404 1398 1392 1386 1380 1374 1368 1362 1356 1350 1344 1338 1332 1326 1320 1314 1308 1302 1296 1290 1284 1278 1272 1266 1260 1254 1248 1242 1236 1230 1224
f 1210 1213 1219 1216
f 1210 1216 1217 1211
f 1211 1217 1215 1209
f 1219 1213 1214 1220
f 1220 1214 1212 1218
f 1216 1222 1223 1217
f 1217 1223 1221 1215
f 1225 1219 1220 1226
f 1226 1220 1218 1224
f 1222 1228 1229 1223
f 1223 1229 1227 1221
f 1231 1225 1226 1232
f 1232 1226 1224 1230
f 1228 1234 1235 1229
f 1229 1235 1233 1227
f 1237 1231 1232 1238
f 1238 1232 1230 1236
f 1234 1240 1241 1235
f 1235 1241 1239 1233
f 1243 1237 1238 1244
f 1244 1238 1236 1242
f 1240 1246 1247 1241
f 1241 1247 1245 1239
f 1249 1243 1244 1250
f 1250 1244 1242 1248
f 1246 1252 1253 1247
f 1247 1253 1251 1245
f 1255 1249 1250 1256
f 1256 1250 1248 1254
f 1252 1258 1259 1253
f 1253 1259 1257 1251
f 1261 1255 1256 1262
f 1262 1256 1254 1260
f 1258 1264 1265 1259
f 1259 1265 1263 1257
f 1267 1261 1262 1268
f 1268 1262 1260 1266
f 1264 1270 1271 1265
f 1265 1271 1269 1263
f 1273 1267 1268 1274
f 1274 1268 1266 1272
f 1270 1276 1277 1271
f 1271 1277 1275 1269
f 1279 1273 1274 1280
f 1280 1274 1272 1278
f 1276 1282 1283 1277
f 1277 1283 1281 1275
f 1285 1279 1280 1286
f 1286 1280 1278 1284
f 1282 1288 1289 1283
f 1283 1289 1287 1281
f 1291 1285 1286 1292
f 1292 1286 1284 1290
f 1288 1294 1295 1289
f 1289 1295 1293 1287
f 1297 1291 1292 1298
f 1298 1292 1290 1296
f 1294 1300 1301 1295
f 1295 1301 1299 1293
f 1303 1297 1298 1304
f 1304 1298 1296 1302
f 1300 1306 1307 1301
f 1301 1307 1305 1299
f 1309 1303 1304 1310
f 1310 1304 1302 1308
f 1306 1312 1313 1307
f 1307 1313 1311 1305
f 1315 1309 1310 1316
f 1316 1310 1308 1314
f 1312 1318 1319 1313
f 1313 1319 1317 1311
f 1321 1315 1316 1322
f 1322 1316 1314 1320
f 1318 1324 1325 1319
f 1319 1325 1323 1317
f 1327 1321 1322 1328
f 1328 1322 1320 1326
f 1324 1330 1331 1325
f 1325 1331 1329 1323
f 1333 1327 1328 1334
f 1334 1328 1326 1332
f 1330 1336 1337 1331
f 1331 1337 1335 1329
f 1339 1333 1334 1340
f 1340 1334 1332 1338
f 1336 1342 1343 1337
f 1337 1343 1341 1335
f 1345 1339 1340 1346
f 1346 1340 1338 1344
f 1342 1348 1349 1343
f 1343 1349 1347 1341
f 1351 1345 1346 1352
f 1352 1346 1344 1350
f 1348 1354 1355 1349
f 1349 1355 1353 1347
f 1357 1351 1352 1358
f 1358 1352 1350 1356
f 1354 1360 1361 1355
f 1355 1361 1359 1353
f 1363 1357 1358 1364
f 1364 1358 1356 1362
f 1360 1366 1367 1361
f 1361 1367 1365 1359
f 1369 1363 1364 1370
f 1370 1364 1362 1368
f 1366 1372 1373 1367
f 1367 1373 1371 1365
f 1375 1369 1370 1376
f 1376 1370 1368 1374
f 1372 1378 1379 1373
f 1373 1379 1377 1371
f 1381 1375 1376 1382
f 1382 1376 1374 1380
f 1378 1384 1385 1379
f 1379 1385 1383 1377
f 1387 1381 1382 1388
f 1388 1382 1380 1386
f 1384 1390 1391 1385
f 1385 1391 1389 1383
f 1393 1387 1388 1394
f 1394 1388 1386 1392
f 1390 1396 1397 1391
f 1391 1397 1395 1389
f 1399 1393 1394 1400
f 1400 1394 1392 1398
f 1396 1402 1403 1397
f 1397 1403 1401 1395
f 1405 1399 1400 1406
f 1406 1400 1398 1404
f 1402 1408 1409 1403
f 1403 1409 1407 1401
f 1411 1405 1406 1412
f 1412 1406 1404 1410
f 1408 1414 1415 1409
f 1409 1415 1413 1407
f 1417 1411 1412 1418
f 1418 1412 1410 1416
f 1414 1420 1421 1415
f 1415 1421 1419 1413
f 1423 1417 1418 1424
f 1424 1418 1416 1422
f 1420 1426 1427 1421
f 1421 1427 1425 1419
f 1429 1423 1424 1430
f 1430 1424 1422 1428
f 1426 1432 1433 1427
f 1427 1433 1431 1425
f 1435 1429 1430 1436
f 1436 1430 1428 1434
f 1432 1438 1439 1433
f 1433 1439 1437 1431
f 1441 1435 1436 1442
f 1442 1436 1434 1440
f 1438 1444 1445 1439
f 1439 1445 1443 1437
f 1447 1441 1442 1448
f 1448 1442 1440 1446
f 1444 1450 1451 1445
f 1445 1451 1449 1443
f 1453 1447 1448 1454
f 1454 1448 1446 1452
f 1450 1456 1457 1451
f 1451 1457 1455 1449
f 1459 1453 1454 1460
f 1460 1454 1452 1458
f 1456 1462 1463 1457
f 1457 1463 1461 1455
f 1465 1459 1460 1466
f 1466 1460 1458 1464
f 1462 1468 1469 1463
f 1463 1469 1467 1461
f 1471 1465 1466 1472
f 1472 1466 1464 1470
f 1468 1474 1475 1469
f 1469 1475 1473 1467
f 1477 1471 1472 1478
f 1478 1472 1470 1476
f 1474 1480 1481 1475
f 1475 1481 1479 1473
f 1483 1477 1478 1484
f 1484 1478 1476 1482
f 1480 1486 1487 1481
f 1481 1487 1485 1479
f 1489 1483 1484 1490
f 1490 1484 1482 1488
f 1486 1492 1493 1487
f 1487 1493 1491 1485
f 1495 1489 1490 1496
f 1496 1490 1488 1494
f 1492 1210 1211 1493
f 1493 1211 1209 1491
f 1213 1495 1496 1214
f 1214 1496 1494 1212
f 1209 1215 1221 1227 1233 1239 1245 1251 1257 1263 1269 1275 1281 1287 1293 1299 1305 1311 1317 1323 1329 1335 1341 1347 1353 1359 1365 1371 1377 1383 1389 1395 1401 1407 1413 1419 1425 1431 1437 1443 1449 1455 1461 1467 1473 1479 1485 1491
o Gusset_0
usemtl metal
v -0.0736981034 -0.00587999821 -1.05577171
v -0.0722535253 -0.00587999821 -1.05512214
v -0.0733006001 -0.00699999928 -1.05472457
v -0.0728412867 -0.00587999821 -1.05574608
v -0.0729255676 -0.0065266341 -1.05555868
v -0.072560221 -0.00667196512 -1.05500567
v -0.0735816956 -0.00667196512 -1.05546498
v 0.00895148516 -0.00587999821 -0.841216207
v 0.00830188394 -0.00587999821 -0.839771628
v 0.00790438056 -0.00699999928 -0.840818763
v 0.00892588496 -0.00587999821 -0.84035933
v 0.00873842835 -0.0065266341 -0.840443611
v 0.00818547606 -0.00667195022 -0.840078354
v 0.00864478946 -0.00667195022 -0.841099739
v -0.0903019011 -0.00587999821 -1.0494684
v -0.0899043977 -0.00699999928 -1.04842126
v -0.0909515023 -0.00587999821 -1.04802382
v -0.0901854932 -0.00667196512 -1.04916167
v -0.0907384455 -0.0065266341 -1.04879642
v -0.0906448066 -0.00667196512 -1.04814029
v -0.0909258723 -0.00587999821 -1.0488807
v -0.00830191374 -0.00587999821 -0.833468318
v -0.00974649191 -0.00587999821 -0.834117889
v -0.00869941711 -0.00699999928 -0.834515452
v -0.00915873051 -0.00587999821 -0.833493948
v -0.00907444954 -0.0065266341 -0.833681345
v -0.00943979621 -0.00667195022 -0.834234357
v -0.00841832161 -0.00667195022 -0.833775043
v -0.0736981034 0.00587999821 -1.05577171
v -0.0733006001 0.00699999928 -1.05472457
v -0.0722535253 0.00587999821 -1.05512214
v -0.0735816956 0.00667196512 -1.05546498
v -0.0729255676 0.0065266192 -1.05555868
v -0.072560221 0.00667196512 -1.05500567
v -0.0728412867 0.00587999821 -1.05574608
v 0.00830188394 0.00587999821 -0.839771628
v 0.00895148516 0.00587999821 -0.841216207
v 0.00790438056 0.00699999928 -0.840818763
v 0.00892585516 0.00587999821 -0.84035933
v 0.00873842835 0.006526649 -0.840443611
v 0.00864478946 0.00667196512 -0.841099739
v 0.00818547606 0.00667196512 -0.840078354
v -0.0903019011 0.00587999821 -1.0494684
v -0.0909515023 0.00587999821 -1.04802382
v -0.0899043977 0.00699999928 -1.04842126
v -0.0909259021 0.00587999821 -1.0488807
v -0.0907384455 0.0065266192 -1.04879642
v -0.0906448066 0.00667196512 -1.04814029
v -0.0901854932 0.00667196512 -1.04916167
v -0.00830191374 0.00587999821 -0.833468318
v -0.00869941711 0.00699999928 -0.834515452
v -0.00974649191 0.00587999821 -0.834117889
v -0.00841832161 0.00667196512 -0.833775043
v -0.00907444954 0.006526649 -0.833681345
v -0.00943979621 0.00667196512 -0.834234357
v -0.00915873051 0.00587999821 -0.833493948
f 1527 1533 1504 1498
f 1541 1547 1534 1526
f 1546 1518 1505 1532
f 1499 1506 1520 1512
f 1513 1519 1548 1540
f 1497 1500 1501 1503
f 1498 1502 1501 1500
f 1499 1503 1501 1502
f 1504 1507 1508 1510
f 1505 1509 1508 1507
f 1506 1510 1508 1509
f 1511 1514 1515 1517
f 1512 1516 1515 1514
f 1513 1517 1515 1516
f 1518 1521 1522 1524
f 1519 1523 1522 1521
f 1520 1524 1522 1523
f 1525 1528 1529 1531
f 1526 1530 1529 1528
f 1527 1531 1529 1530
f 1532 1535 1536 1538
f 1533 1537 1536 1535
f 1534 1538 1536 1537
f 1539 1542 1543 1545
f 1540 1544 1543 1542
f 1541 1545 1543 1544
f 1546 1549 1550 1552
f 1547 1551 1550 1549
f 1548 1552 1550 1551
f 1511 1497 1503 1514
f 1514 1503 1499 1512
f 1498 1504 1510 1502
f 1502 1510 1506 1499
f 1505 1518 1524 1509
f 1509 1524 1520 1506
f 1519 1513 1516 1523
f 1523 1516 1512 1520
f 1539 1511 1517 1542
f 1542 1517 1513 1540
f 1518 1546 1552 1521
f 1521 1552 1548 1519
f 1547 1541 1544 1551
f 1551 1544 1540 1548
f 1525 1539 1545 1528
f 1528 1545 1541 1526
f 1546 1532 1538 1549
f 1549 1538 1534 1547
f 1533 1527 1530 1537
f 1537 1530 1526 1534
f 1497 1525 1531 1500
f 1500 1531 1527 1498
f 1532 1505 1507 1535
f 1535 1507 1504 1533
f 1511 1539 1525 1497
o Gusset_2
usemtl metal
v 0.0736981034 0.00587999821 -1.05577171
v 0.0722535253 0.00587999821 -1.05512214
v 0.0733006001 0.00699999928 -1.05472457
v 0.0728412867 0.00587999821 -1.05574608
v 0.0729255676 0.0065266192 -1.05555868
v 0.0725601912 0.00667193532 -1.05500567
v 0.0735816956 0.00667193532 -1.05546498
v -0.00895148516 0.00587999821 -0.841216207
v -0.00830188394 0.00587999821 -0.839771628
v -0.00790438056 0.00699999928 -0.840818644
v -0.00892588496 0.00587999821 -0.84035933
v -0.00873842835 0.006526649 -0.840443611
v -0.00818547606 0.00667196512 -0.840078235
v -0.00864478946 0.00667196512 -0.841099739
v 0.0903019309 0.00587999821 -1.0494684
v 0.0899044275 0.00699999928 -1.04842138
v 0.0909515023 0.00587999821 -1.04802382
v 0.0901854634 0.00667193532 -1.04916179
v 0.0907384753 0.0065266192 -1.04879642
v 0.0906448364 0.00667193532 -1.04814029
v 0.0909258723 0.00587999821 -1.0488807
v 0.00830191374 0.00587999821 -0.833468318
v 0.00974649191 0.00587999821 -0.834117889
v 0.00869941711 0.00699999928 -0.834515452
v 0.00915873051 0.00587999821 -0.833493948
v 0.00907444954 0.006526649 -0.833681345
v 0.00943979621 0.00667196512 -0.834234357
v 0.00841832161 0.00667196512 -0.833775043
v 0.0736981034 -0.00588001311 -1.05577171
v 0.0733006001 -0.00700001419 -1.05472457
v 0.0722535253 -0.00588001311 -1.05512214
v 0.0735816956 -0.00667196512 -1.05546498
v 0.0729255676 -0.006526649 -1.05555868
v 0.0725601912 -0.00667196512 -1.05500567
v 0.0728412867 -0.00588001311 -1.05574608
v -0.00830191374 -0.00587998331 -0.839771628
v -0.00895148516 -0.00587998331 -0.841216207
v -0.00790438056 -0.00699998438 -0.840818644
v -0.00892588496 -0.00587998331 -0.84035933
v -0.00873842835 -0.0065266192 -0.840443611
v -0.00864478946 -0.00667195022 -0.841099739
v -0.00818547606 -0.00667195022 -0.840078235
v 0.0903019309 -0.00588001311 -1.0494684
v 0.0909515023 -0.00588001311 -1.04802382
v 0.0899044275 -0.00700001419 -1.04842138
v 0.0909258723 -0.00588001311 -1.0488807
v 0.0907384753 -0.006526649 -1.04879642
v 0.0906448364 -0.00667196512 -1.04814029
v 0.0901854634 -0.00667196512 -1.04916179
v 0.00830188394 -0.00587998331 -0.833468318
v 0.00869941711 -0.00699998438 -0.834515452
v 0.00974649191 -0.00587998331 -0.834117889
v 0.00841832161 -0.00667195022 -0.833775043
v 0.00907444954 -0.0065266192 -0.833681345
v 0.00943979621 -0.00667195022 -0.834234357
v 0.00915873051 -0.00587998331 -0.833493948
f 1583 1589 1560 1554
f 1597 1603 1590 1582
f 1602 1574 1561 1588
f 1555 1562 1576 1568
f 1569 1575 1604 1596
f 1553 1556 1557 1559
f 1554 1558 1557 1556
f 1555 1559 1557 1558
f 1560 1563 1564 1566
f 1561 1565 1564 1563
f 1562 1566 1564 1565
f 1567 1570 1571 1573
f 1568 1572 1571 1570
f 1569 1573 1571 1572
f 1574 1577 1578 1580
f 1575 1579 1578 1577
f 1576 1580 1578 1579
f 1581 1584 1585 1587
f 1582 1586 1585 1584
f 1583 1587 1585 1586
f 1588 1591 1592 1594
f 1589 1593 1592 1591
f 1590 1594 1592 1593
f 1595 1598 1599 1601
f 1596 1600 1599 1598
f 1597 1601 1599 1600
f 1602 1605 1606 1608
f 1603 1607 1606 1605
f 1604 1608 1606 1607
f 1567 1553 1559 1570
f 1570 1559 1555 1568
f 1554 1560 1566 1558
f 1558 1566 1562 1555
f 1561 1574 1580 1565
f 1565 1580 1576 1562
f 1575 1569 1572 1579
f 1579 1572 1568 1576
f 1595 1567 1573 1598
f 1598 1573 1569 1596
f 1574 1602 1608 1577
f 1577 1608 1604 1575
f 1603 1597 1600 1607
f 1607 1600 1596 1604
f 1581 1595 1601 1584
f 1584 1601 1597 1582
f 1602 1588 1594 1605
f 1605 1594 1590 1603
f 1589 1583 1586 1593
f 1593 1586 1582 1590
f 1553 1581 1587 1556
f 1556 1587 1583 1554
f 1588 1561 1563 1591
f 1591 1563 1560 1589
f 1567 1595 1581 1553
o Deck_bolt_0.001
usemtl bolt
v -0.0600000024 -0.0488313884 -1.05312002
v -0.0606235266 -0.048360005 -1.05239999
v -0.0593764782 -0.048360005 -1.05239999
v -0.0604408979 -0.0485211462 -1.05290914
v -0.0600000024 -0.0483278483 -1.05281568
v -0.0600000024 -0.0481878221 -1.05239999
v -0.0595591068 -0.0485211462 -1.05290914
v -0.0600000024 -0.0488313884 -1.04411995
v -0.0593764782 -0.048360005 -1.04483998
v -0.0606235266 -0.048360005 -1.04483998
v -0.0595591068 -0.0485211462 -1.04433084
v -0.0600000024 -0.0483278483 -1.0444243
v -0.0600000024 -0.0481878221 -1.04483998
v -0.0604408979 -0.0485211462 -1.04433084
v -0.0546578169 -0.0519157052 -1.05312002
v -0.0545613766 -0.0511400104 -1.05239999
v -0.0539378226 -0.0522200018 -1.05239999
v -0.0546095967 -0.0513787419 -1.05290914
v -0.0542217493 -0.0516639352 -1.05281568
v -0.0541004837 -0.0515939146 -1.05239999
v -0.0541686714 -0.0521424115 -1.05290914
v -0.0546578169 -0.0519157052 -1.04411995
v -0.0539378226 -0.0522200018 -1.04483998
v -0.0545613766 -0.0511400104 -1.04483998
v -0.0541686714 -0.0521424115 -1.04433084
v -0.0542217493 -0.0516639352 -1.0444243
v -0.0541004837 -0.0515939146 -1.04483998
v -0.0546095967 -0.0513787419 -1.04433084
v -0.0546578169 -0.0580843091 -1.05312002
v -0.0539378226 -0.0577800125 -1.05239999
v -0.0545613766 -0.0588600039 -1.05239999
v -0.0541686714 -0.0578576028 -1.05290914
v -0.0542217493 -0.0583360791 -1.05281568
v -0.0541004837 -0.0584060997 -1.05239999
v -0.0546095967 -0.0586212724 -1.05290914
v -0.0546578169 -0.0580843091 -1.04411995
v -0.0545613766 -0.0588600039 -1.04483998
v -0.0539378226 -0.0577800125 -1.04483998
v -0.0546095967 -0.0586212724 -1.04433084
v -0.0542217493 -0.0583360791 -1.0444243
v -0.0541004837 -0.0584060997 -1.04483998
v -0.0541686714 -0.0578576028 -1.04433084
v -0.0600000024 -0.061168626 -1.05312002
v -0.0593764782 -0.0616400093 -1.05239999
v -0.0606235266 -0.0616400093 -1.05239999
v -0.0595591068 -0.0614788681 -1.05290914
v -0.0600000024 -0.061672166 -1.05281568
v -0.0600000024 -0.0618121922 -1.05239999
v -0.0604408979 -0.0614788681 -1.05290914
v -0.0600000024 -0.061168626 -1.04411995
v -0.0606235266 -0.0616400093 -1.04483998
v -0.0593764782 -0.0616400093 -1.04483998
v -0.0604408979 -0.0614788681 -1.04433084
v -0.0600000024 -0.061672166 -1.0444243
v -0.0600000024 -0.0618121922 -1.04483998
v -0.0595591068 -0.0614788681 -1.04433084
v -0.0653421879 -0.0580843091 -1.05312002
v -0.0654386282 -0.0588600039 -1.05239999
v -0.0660621822 -0.0577800125 -1.05239999
v -0.065390408 -0.0586212724 -1.05290914
v -0.0657782555 -0.0583360791 -1.05281568
v -0.0658995211 -0.0584060997 -1.05239999
v -0.0658313334 -0.0578576028 -1.05290914
v -0.0653421879 -0.0580843091 -1.04411995
v -0.0660621822 -0.0577800125 -1.04483998
v -0.0654386282 -0.0588600039 -1.04483998
v -0.0658313334 -0.0578576028 -1.04433084
v -0.0657782555 -0.0583360791 -1.0444243
v -0.0658995211 -0.0584060997 -1.04483998
v -0.065390408 -0.0586212724 -1.04433084
v -0.0653421879 -0.0519157052 -1.05312002
v -0.0660621822 -0.0522200018 -1.05239999
v -0.0654386282 -0.0511400104 -1.05239999
v -0.0658313334 -0.0521424115 -1.05290914
v -0.0657782555 -0.0516639352 -1.05281568
v -0.0658995211 -0.0515939146 -1.05239999
v -0.065390408 -0.0513787419 -1.05290914
v -0.0653421879 -0.0519157052 -1.04411995
v -0.0654386282 -0.0511400104 -1.04483998
v -0.0660621822 -0.0522200018 -1.04483998
v -0.065390408 -0.0513787419 -1.04433084
v -0.0657782555 -0.0516639352 -1.0444243
v -0.0658995211 -0.0515939146 -1.04483998
v -0.0658313334 -0.0521424115 -1.04433084
f 1681 1687 1618 1610
f 1639 1645 1660 1652
f 1653 1659 1674 1666
f 1667 1673 1688 1680
f 1625 1631 1646 1638
f 1630 1616 1686 1672 1658 1644
f 1611 1617 1632 1624
f 1609 1612 1613 1615
f 1610 1614 1613 1612
f 1611 1615 1613 1614
f 1616 1619 1620 1622
f 1617 1621 1620 1619
f 1618 1622 1620 1621
f 1623 1626 1627 1629
f 1624 1628 1627 1626
f 1625 1629 1627 1628
f 1630 1633 1634 1636
f 1631 1635 1634 1633
f 1632 1636 1634 1635
f 1637 1640 1641 1643
f 1638 1642 1641 1640
f 1639 1643 1641 1642
f 1644 1647 1648 1650
f 1645 1649 1648 1647
f 1646 1650 1648 1649
f 1651 1654 1655 1657
f 1652 1656 1655 1654
f 1653 1657 1655 1656
f 1658 1661 1662 1664
f 1659 1663 1662 1661
f 1660 1664 1662 1663
f 1665 1668 1669 1671
f 1666 1670 1669 1668
f 1667 1671 1669 1670
f 1672 1675 1676 1678
f 1673 1677 1676 1675
f 1674 1678 1676 1677
f 1679 1682 1683 1685
f 1680 1684 1683 1682
f 1681 1685 1683 1684
f 1686 1689 1690 1692
f 1687 1691 1690 1689
f 1688 1692 1690 1691
f 1611 1624 1626 1615
f 1615 1626 1623 1609
f 1632 1617 1619 1636
f 1636 1619 1616 1630
f 1610 1618 1621 1614
f 1614 1621 1617 1611
f 1631 1625 1628 1635
f 1635 1628 1624 1632
f 1625 1638 1640 1629
f 1629 1640 1637 1623
f 1646 1631 1633 1650
f 1650 1633 1630 1644
f 1645 1639 1642 1649
f 1649 1642 1638 1646
f 1639 1652 1654 1643
f 1643 1654 1651 1637
f 1660 1645 1647 1664
f 1664 1647 1644 1658
f 1659 1653 1656 1663
f 1663 1656 1652 1660
f 1653 1666 1668 1657
f 1657 1668 1665 1651
f 1674 1659 1661 1678
f 1678 1661 1658 1672
f 1673 1667 1670 1677
f 1677 1670 1666 1674
f 1667 1680 1682 1671
f 1671 1682 1679 1665
f 1688 1673 1675 1692
f 1692 1675 1672 1686
f 1687 1681 1684 1691
f 1691 1684 1680 1688
f 1681 1610 1612 1685
f 1685 1612 1609 1679
f 1618 1687 1689 1622
f 1622 1689 1686 1616
f 1609 1623 1637 1651 1665 1679
o Deck_bolt_1.001
usemtl bolt
v -0.0600000024 0.061168611 -1.05312002
v -0.0606235266 0.0616399944 -1.05239999
v -0.0593764782 0.0616399944 -1.05239999
v -0.0604408979 0.061478883 -1.05290914
v -0.0600000024 0.0616721511 -1.05281568
v -0.0600000024 0.0618121922 -1.05239999
v -0.0595591068 0.061478883 -1.05290914
v -0.0600000024 0.061168611 -1.04411995
v -0.0593764782 0.0616399944 -1.04483998
v -0.0606235266 0.0616399944 -1.04483998
v -0.0595591068 0.061478883 -1.04433084
v -0.0600000024 0.0616721511 -1.0444243
v -0.0600000024 0.0618121922 -1.04483998
v -0.0604408979 0.061478883 -1.04433084
v -0.0546578169 0.0580843091 -1.05312002
v -0.0545613766 0.0588600039 -1.05239999
v -0.0539378226 0.0577799976 -1.05239999
v -0.0546095967 0.0586212873 -1.05290914
v -0.0542217493 0.0583360791 -1.05281568
v -0.0541004837 0.0584061146 -1.05239999
v -0.0541686714 0.0578576028 -1.05290914
v -0.0546578169 0.0580843091 -1.04411995
v -0.0539378226 0.0577799976 -1.04483998
v -0.0545613766 0.0588600039 -1.04483998
v -0.0541686714 0.0578576028 -1.04433084
v -0.0542217493 0.0583360791 -1.0444243
v -0.0541004837 0.0584061146 -1.04483998
v -0.0546095967 0.0586212873 -1.04433084
v -0.0546578169 0.0519157052 -1.05312002
v -0.0539378226 0.0522200167 -1.05239999
v -0.0545613766 0.0511400104 -1.05239999
v -0.0541686714 0.0521424115 -1.05290914
v -0.0542217493 0.0516639352 -1.05281568
v -0.0541004837 0.0515938997 -1.05239999
v -0.0546095967 0.051378727 -1.05290914
v -0.0546578169 0.0519157052 -1.04411995
v -0.0545613766 0.0511400104 -1.04483998
v -0.0539378226 0.0522200167 -1.04483998
v -0.0546095967 0.051378727 -1.04433084
v -0.0542217493 0.0516639352 -1.0444243
v -0.0541004837 0.0515938997 -1.04483998
v -0.0541686714 0.0521424115 -1.04433084
v -0.0600000024 0.0488314033 -1.05312002
v -0.0593764782 0.0483600199 -1.05239999
v -0.0606235266 0.0483600199 -1.05239999
v -0.0595591068 0.0485211313 -1.05290914
v -0.0600000024 0.0483278632 -1.05281568
v -0.0600000024 0.0481878221 -1.05239999
v -0.0604408979 0.0485211313 -1.05290914
v -0.0600000024 0.0488314033 -1.04411995
v -0.0606235266 0.0483600199 -1.04483998
v -0.0593764782 0.0483600199 -1.04483998
v -0.0604408979 0.0485211313 -1.04433084
v -0.0600000024 0.0483278632 -1.0444243
v -0.0600000024 0.0481878221 -1.04483998
v -0.0595591068 0.0485211313 -1.04433084
v -0.0653421879 0.0519157052 -1.05312002
v -0.0654386282 0.0511400104 -1.05239999
v -0.0660621822 0.0522200167 -1.05239999
v -0.065390408 0.051378727 -1.05290914
v -0.0657782555 0.0516639352 -1.05281568
v -0.0658995211 0.0515938997 -1.05239999
v -0.0658313334 0.0521424115 -1.05290914
v -0.0653421879 0.0519157052 -1.04411995
v -0.0660621822 0.0522200167 -1.04483998
v -0.0654386282 0.0511400104 -1.04483998
v -0.0658313334 0.0521424115 -1.04433084
v -0.0657782555 0.0516639352 -1.0444243
v -0.0658995211 0.0515938997 -1.04483998
v -0.065390408 0.051378727 -1.04433084
v -0.0653421879 0.0580843091 -1.05312002
v -0.0660621822 0.0577799976 -1.05239999
v -0.0654386282 0.0588600039 -1.05239999
v -0.0658313334 0.0578576028 -1.05290914
v -0.0657782555 0.0583360791 -1.05281568
v -0.0658995211 0.0584061146 -1.05239999
v -0.065390408 0.0586212873 -1.05290914
v -0.0653421879 0.0580843091 -1.04411995
v -0.0654386282 0.0588600039 -1.04483998
v -0.0660621822 0.0577799976 -1.04483998
v -0.065390408 0.0586212873 -1.04433084
v -0.0657782555 0.0583360791 -1.0444243
v -0.0658995211 0.0584061146 -1.04483998
v -0.0658313334 0.0578576028 -1.04433084
f 1765 1771 1702 1694
f 1723 1729 1744 1736
f 1737 1743 1758 1750
f 1751 1757 1772 1764
f 1709 1715 1730 1722
f 1714 1700 1770 1756 1742 1728
f 1695 1701 1716 1708
f 1693 1696 1697 1699
f 1694 1698 1697 1696
f 1695 1699 1697 1698
f 1700 1703 1704 1706
f 1701 1705 1704 1703
f 1702 1706 1704 1705
f 1707 1710 1711 1713
f 1708 1712 1711 1710
f 1709 1713 1711 1712
f 1714 1717 1718 1720
f 1715 1719 1718 1717
f 1716 1720 1718 1719
f 1721 1724 1725 1727
f 1722 1726 1725 1724
f 1723 1727 1725 1726
f 1728 1731 1732 1734
f 1729 1733 1732 1731
f 1730 1734 1732 1733
f 1735 1738 1739 1741
f 1736 1740 1739 1738
f 1737 1741 1739 1740
f 1742 1745 1746 1748
f 1743 1747 1746 1745
f 1744 1748 1746 1747
f 1749 1752 1753 1755
f 1750 1754 1753 1752
f 1751 1755 1753 1754
f 1756 1759 1760 1762
f 1757 1761 1760 1759
f 1758 1762 1760 1761
f 1763 1766 1767 1769
f 1764 1768 1767 1766
f 1765 1769 1767 1768
f 1770 1773 1774 1776
f 1771 1775 1774 1773
f 1772 1776 1774 1775
f 1695 1708 1710 1699
f 1699 1710 1707 1693
f 1716 1701 1703 1720
f 1720 1703 1700 1714
f 1694 1702 1705 1698
f 1698 1705 1701 1695
f 1715 1709 1712 1719
f 1719 1712 1708 1716
f 1709 1722 1724 1713
f 1713 1724 1721 1707
f 1730 1715 1717 1734
f 1734 1717 1714 1728
f 1729 1723 1726 1733
f 1733 1726 1722 1730
f 1723 1736 1738 1727
f 1727 1738 1735 1721
f 1744 1729 1731 1748
f 1748 1731 1728 1742
f 1743 1737 1740 1747
f 1747 1740 1736 1744
f 1737 1750 1752 1741
f 1741 1752 1749 1735
f 1758 1743 1745 1762
f 1762 1745 1742 1756
f 1757 1751 1754 1761
f 1761 1754 1750 1758
f 1751 1764 1766 1755
f 1755 1766 1763 1749
f 1772 1757 1759 1776
f 1776 1759 1756 1770
f 1771 1765 1768 1775
f 1775 1768 1764 1772
f 1765 1694 1696 1769
f 1769 1696 1693 1763
f 1702 1771 1773 1706
f 1706 1773 1770 1700
f 1693 1707 1721 1735 1749 1763
o Deck_bolt_2.001
usemtl bolt
v 0.0600000024 -0.0488313884 -1.05312002
v 0.0593764782 -0.048360005 -1.05239999
v 0.0606235266 -0.048360005 -1.05239999
v 0.0595591068 -0.0485211462 -1.05290914
v 0.0600000024 -0.0483278483 -1.05281568
v 0.0600000024 -0.0481878221 -1.05239999
v 0.0604408979 -0.0485211462 -1.05290914
v 0.0600000024 -0.0488313884 -1.04411995
v 0.0606235266 -0.048360005 -1.04483998
v 0.0593764782 -0.048360005 -1.04483998
v 0.0604408979 -0.0485211462 -1.04433084
v 0.0600000024 -0.0483278483 -1.0444243
v 0.0600000024 -0.0481878221 -1.04483998
v 0.0595591068 -0.0485211462 -1.04433084
v 0.0653421879 -0.0519157052 -1.05312002
v 0.0654386282 -0.0511400104 -1.05239999
v 0.0660621524 -0.0522200018 -1.05239999
v 0.065390408 -0.0513787419 -1.05290914
v 0.0657782555 -0.0516639352 -1.05281568
v 0.0658995509 -0.0515939146 -1.05239999
v 0.0658313036 -0.0521424115 -1.05290914
v 0.0653421879 -0.0519157052 -1.04411995
v 0.0660621524 -0.0522200018 -1.04483998
v 0.0654386282 -0.0511400104 -1.04483998
v 0.0658313036 -0.0521424115 -1.04433084
v 0.0657782555 -0.0516639352 -1.0444243
v 0.0658995509 -0.0515939146 -1.04483998
v 0.065390408 -0.0513787419 -1.04433084
v 0.0653421879 -0.0580843091 -1.05312002
v 0.0660621524 -0.0577800125 -1.05239999
v 0.0654386282 -0.0588600039 -1.05239999
v 0.0658313036 -0.0578576028 -1.05290914
v 0.0657782555 -0.0583360791 -1.05281568
v 0.0658995509 -0.0584060997 -1.05239999
v 0.065390408 -0.0586212724 -1.05290914
v 0.0653421879 -0.0580843091 -1.04411995
v 0.0654386282 -0.0588600039 -1.04483998
v 0.0660621524 -0.0577800125 -1.04483998
v 0.065390408 -0.0586212724 -1.04433084
v 0.0657782555 -0.0583360791 -1.0444243
v 0.0658995509 -0.0584060997 -1.04483998
v 0.0658313036 -0.0578576028 -1.04433084
v 0.0600000024 -0.061168626 -1.05312002
v 0.0606235266 -0.0616400093 -1.05239999
v 0.0593764782 -0.0616400093 -1.05239999
v 0.0604408979 -0.0614788681 -1.05290914
v 0.0600000024 -0.061672166 -1.05281568
v 0.0600000024 -0.0618121922 -1.05239999
v 0.0595591068 -0.0614788681 -1.05290914
v 0.0600000024 -0.061168626 -1.04411995
v 0.0593764782 -0.0616400093 -1.04483998
v 0.0606235266 -0.0616400093 -1.04483998
v 0.0595591068 -0.0614788681 -1.04433084
v 0.0600000024 -0.061672166 -1.0444243
v 0.0600000024 -0.0618121922 -1.04483998
v 0.0604408979 -0.0614788681 -1.04433084
v 0.0546578169 -0.0580843091 -1.05312002
v 0.0545613766 -0.0588600039 -1.05239999
v 0.0539378524 -0.0577800125 -1.05239999
v 0.0546095967 -0.0586212724 -1.05290914
v 0.0542217493 -0.0583360791 -1.05281568
v 0.0541004539 -0.0584060997 -1.05239999
v 0.0541687012 -0.0578576028 -1.05290914
v 0.0546578169 -0.0580843091 -1.04411995
v 0.0539378524 -0.0577800125 -1.04483998
v 0.0545613766 -0.0588600039 -1.04483998
v 0.0541687012 -0.0578576028 -1.04433084
v 0.0542217493 -0.0583360791 -1.0444243
v 0.0541004539 -0.0584060997 -1.04483998
v 0.0546095967 -0.0586212724 -1.04433084
v 0.0546578169 -0.0519157052 -1.05312002
v 0.0539378524 -0.0522200018 -1.05239999
v 0.0545613766 -0.0511400104 -1.05239999
v 0.0541687012 -0.0521424115 -1.05290914
v 0.0542217493 -0.0516639352 -1.05281568
v 0.0541004539 -0.0515939146 -1.05239999
v 0.0546095967 -0.0513787419 -1.05290914
v 0.0546578169 -0.0519157052 -1.04411995
v 0.0545613766 -0.0511400104 -1.04483998
v 0.0539378524 -0.0522200018 -1.04483998
v 0.0546095967 -0.0513787419 -1.04433084
v 0.0542217493 -0.0516639352 -1.0444243
v 0.0541004539 -0.0515939146 -1.04483998
v 0.0541687012 -0.0521424115 -1.04433084
f 1849 1855 1786 1778
f 1807 1813 1828 1820
f 1821 1827 1842 1834
f 1835 1841 1856 1848
f 1793 1799 1814 1806
f 1798 1784 1854 1840 1826 1812
f 1779 1785 1800 1792
f 1777 1780 1781 1783
f 1778 1782 1781 1780
f 1779 1783 1781 1782
f 1784 1787 1788 1790
f 1785 1789 1788 1787
f 1786 1790 1788 1789
f 1791 1794 1795 1797
f 1792 1796 1795 1794
f 1793 1797 1795 1796
f 1798 1801 1802 1804
f 1799 1803 1802 1801
f 1800 1804 1802 1803
f 1805 1808 1809 1811
f 1806 1810 1809 1808
f 1807 1811 1809 1810
f 1812 1815 1816 1818
f 1813 1817 1816 1815
f 1814 1818 1816 1817
f 1819 1822 1823 1825
f 1820 1824 1823 1822
f 1821 1825 1823 1824
f 1826 1829 1830 1832
f 1827 1831 1830 1829
f 1828 1832 1830 1831
f 1833 1836 1837 1839
f 1834 1838 1837 1836
f 1835 1839 1837 1838
f 1840 1843 1844 1846
f 1841 1845 1844 1843
f 1842 1846 1844 1845
f 1847 1850 1851 1853
f 1848 1852 1851 1850
f 1849 1853 1851 1852
f 1854 1857 1858 1860
f 1855 1859 1858 1857
f 1856 1860 1858 1859
f 1779 1792 1794 1783
f 1783 1794 1791 1777
f 1800 1785 1787 1804
f 1804 1787 1784 1798
f 1778 1786 1789 1782
f 1782 1789 1785 1779
f 1799 1793 1796 1803
f 1803 1796 1792 1800
f 1793 1806 1808 1797
f 1797 1808 1805 1791
f 1814 1799 1801 1818
f 1818 1801 1798 1812
f 1813 1807 1810 1817
f 1817 1810 1806 1814
f 1807 1820 1822 1811
f 1811 1822 1819 1805
f 1828 1813 1815 1832
f 1832 1815 1812 1826
f 1827 1821 1824 1831
f 1831 1824 1820 1828
f 1821 1834 1836 1825
f 1825 1836 1833 1819
f 1842 1827 1829 1846
f 1846 1829 1826 1840
f 1841 1835 1838 1845
f 1845 1838 1834 1842
f 1835 1848 1850 1839
f 1839 1850 1847 1833
f 1856 1841 1843 1860
f 1860 1843 1840 1854
f 1855 1849 1852 1859
f 1859 1852 1848 1856
f 1849 1778 1780 1853
f 1853 1780 1777 1847
f 1786 1855 1857 1790
f 1790 1857 1854 1784
f 1777 1791 1805 1819 1833 1847
o Deck_bolt_3.001
usemtl bolt
v 0.0600000024 0.061168611 -1.05312002
v 0.0593764782 0.0616399944 -1.05239999
v 0.0606235266 0.0616399944 -1.05239999
v 0.0595591068 0.061478883 -1.05290914
v 0.0600000024 0.0616721511 -1.05281568
v 0.0600000024 0.0618121922 -1.05239999
v 0.0604408979 0.061478883 -1.05290914
v 0.0600000024 0.061168611 -1.04411995
v 0.0606235266 0.0616399944 -1.04483998
v 0.0593764782 0.0616399944 -1.04483998
v 0.0604408979 0.061478883 -1.04433084
v 0.0600000024 0.0616721511 -1.0444243
v 0.0600000024 0.0618121922 -1.04483998
v 0.0595591068 0.061478883 -1.04433084
v 0.0653421879 0.0580843091 -1.05312002
v 0.0654386282 0.0588600039 -1.05239999
v 0.0660621524 0.0577799976 -1.05239999
v 0.065390408 0.0586212873 -1.05290914
v 0.0657782555 0.0583360791 -1.05281568
v 0.0658995509 0.0584061146 -1.05239999
v 0.0658313036 0.0578576028 -1.05290914
v 0.0653421879 0.0580843091 -1.04411995
v 0.0660621524 0.0577799976 -1.04483998
v 0.0654386282 0.0588600039 -1.04483998
v 0.0658313036 0.0578576028 -1.04433084
v 0.0657782555 0.0583360791 -1.0444243
v 0.0658995509 0.0584061146 -1.04483998
v 0.065390408 0.0586212873 -1.04433084
v 0.0653421879 0.0519157052 -1.05312002
v 0.0660621524 0.0522200167 -1.05239999
v 0.0654386282 0.0511400104 -1.05239999
v 0.0658313036 0.0521424115 -1.05290914
v 0.0657782555 0.0516639352 -1.05281568
v 0.0658995509 0.0515938997 -1.05239999
v 0.065390408 0.051378727 -1.05290914
v 0.0653421879 0.0519157052 -1.04411995
v 0.0654386282 0.0511400104 -1.04483998
v 0.0660621524 0.0522200167 -1.04483998
v 0.065390408 0.051378727 -1.04433084
v 0.0657782555 0.0516639352 -1.0444243
v 0.0658995509 0.0515938997 -1.04483998
v 0.0658313036 0.0521424115 -1.04433084
v 0.0600000024 0.0488314033 -1.05312002
v 0.0606235266 0.0483600199 -1.05239999
v 0.0593764782 0.0483600199 -1.05239999
v 0.0604408979 0.0485211313 -1.05290914
v 0.0600000024 0.0483278632 -1.05281568
v 0.0600000024 0.0481878221 -1.05239999
v 0.0595591068 0.0485211313 -1.05290914
v 0.0600000024 0.0488314033 -1.04411995
v 0.0593764782 0.0483600199 -1.04483998
v 0.0606235266 0.0483600199 -1.04483998
v 0.0595591068 0.0485211313 -1.04433084
v 0.0600000024 0.0483278632 -1.0444243
v 0.0600000024 0.0481878221 -1.04483998
v 0.0604408979 0.0485211313 -1.04433084
v 0.0546578169 0.0519157052 -1.05312002
v 0.0545613766 0.0511400104 -1.05239999
v 0.0539378524 0.0522200167 -1.05239999
v 0.0546095967 0.051378727 -1.05290914
v 0.0542217493 0.0516639352 -1.05281568
v 0.0541004539 0.0515938997 -1.05239999
v 0.0541687012 0.0521424115 -1.05290914
v 0.0546578169 0.0519157052 -1.04411995
v 0.0539378524 0.0522200167 -1.04483998
v 0.0545613766 0.0511400104 -1.04483998
v 0.0541687012 0.0521424115 -1.04433084
v 0.0542217493 0.0516639352 -1.0444243
v 0.0541004539 0.0515938997 -1.04483998
v 0.0546095967 0.051378727 -1.04433084
v 0.0546578169 0.0580843091 -1.05312002
v 0.0539378524 0.0577799976 -1.05239999
v 0.0545613766 0.0588600039 -1.05239999
v 0.0541687012 0.0578576028 -1.05290914
v 0.0542217493 0.0583360791 -1.05281568
v 0.0541004539 0.0584061146 -1.05239999
v 0.0546095967 0.0586212873 -1.05290914
v 0.0546578169 0.0580843091 -1.04411995
v 0.0545613766 0.0588600039 -1.04483998
v 0.0539378524 0.0577799976 -1.04483998
v 0.0546095967 0.0586212873 -1.04433084
v 0.0542217493 0.0583360791 -1.0444243
v 0.0541004539 0.0584061146 -1.04483998
v 0.0541687012 0.0578576028 -1.04433084
f 1933 1939 1870 1862
f 1891 1897 1912 1904
f 1905 1911 1926 1918
f 1919 1925 1940 1932
f 1877 1883 1898 1890
f 1882 1868 1938 1924 1910 1896
f 1863 1869 1884 1876
f 1861 1864 1865 1867
f 1862 1866 1865 1864
f 1863 1867 1865 1866
f 1868 1871 1872 1874
f 1869 1873 1872 1871
f 1870 1874 1872 1873
f 1875 1878 1879 1881
f 1876 1880 1879 1878
f 1877 1881 1879 1880
f 1882 1885 1886 1888
f 1883 1887 1886 1885
f 1884 1888 1886 1887
f 1889 1892 1893 1895
f 1890 1894 1893 1892
f 1891 1895 1893 1894
f 1896 1899 1900 1902
f 1897 1901 1900 1899
f 1898 1902 1900 1901
f 1903 1906 1907 1909
f 1904 1908 1907 1906
f 1905 1909 1907 1908
f 1910 1913 1914 1916
f 1911 1915 1914 1913
f 1912 1916 1914 1915
f 1917 1920 1921 1923
f 1918 1922 1921 1920
f 1919 1923 1921 1922
f 1924 1927 1928 1930
f 1925 1929 1928 1927
f 1926 1930 1928 1929
f 1931 1934 1935 1937
f 1932 1936 1935 1934
f 1933 1937 1935 1936
f 1938 1941 1942 1944
f 1939 1943 1942 1941
f 1940 1944 1942 1943
f 1863 1876 1878 1867
f 1867 1878 1875 1861
f 1884 1869 1871 1888
f 1888 1871 1868 1882
f 1862 1870 1873 1866
f 1866 1873 1869 1863
f 1883 1877 1880 1887
f 1887 1880 1876 1884
f 1877 1890 1892 1881
f 1881 1892 1889 1875
f 1898 1883 1885 1902
f 1902 1885 1882 1896
f 1897 1891 1894 1901
f 1901 1894 1890 1898
f 1891 1904 1906 1895
f 1895 1906 1903 1889
f 1912 1897 1899 1916
f 1916 1899 1896 1910
f 1911 1905 1908 1915
f 1915 1908 1904 1912
f 1905 1918 1920 1909
f 1909 1920 1917 1903
f 1926 1911 1913 1930
f 1930 1913 1910 1924
f 1925 1919 1922 1929
f 1929 1922 1918 1926
f 1919 1932 1934 1923
f 1923 1934 1931 1917
f 1940 1925 1927 1944
f 1944 1927 1924 1938
f 1939 1933 1936 1943
f 1943 1936 1932 1940
f 1933 1862 1864 1937
f 1937 1864 1861 1931
f 1870 1939 1941 1874
f 1874 1941 1938 1868
f 1861 1875 1889 1903 1917 1931
